-- phpMyAdmin SQL Dump
-- version 4.5.1
-- http://www.phpmyadmin.net
--
-- Host: 127.0.0.1
-- Erstellungszeit: 05. Dez 2025 um 16:51
-- Server-Version: 10.1.9-MariaDB
-- PHP-Version: 5.6.15

SET SQL_MODE = "NO_AUTO_VALUE_ON_ZERO";
SET time_zone = "+00:00";


/*!40101 SET @OLD_CHARACTER_SET_CLIENT=@@CHARACTER_SET_CLIENT */;
/*!40101 SET @OLD_CHARACTER_SET_RESULTS=@@CHARACTER_SET_RESULTS */;
/*!40101 SET @OLD_COLLATION_CONNECTION=@@COLLATION_CONNECTION */;
/*!40101 SET NAMES utf8mb4 */;

--
-- Datenbank: `heiner_it`
--

-- --------------------------------------------------------

--
-- Tabellenstruktur für Tabelle `artikel`
--

CREATE TABLE `artikel` (
  `ArtikelNr` int(2) NOT NULL,
  `Artikelname` varchar(36) DEFAULT NULL,
  `LieferantenNr` int(2) DEFAULT NULL,
  `KategorieNr` int(1) DEFAULT NULL,
  `Liefereinheit` varchar(20) DEFAULT NULL,
  `Einzelpreis` decimal(15,2) DEFAULT NULL,
  `Lagerbestand` int(3) DEFAULT NULL,
  `BestellteEinheiten` int(3) DEFAULT NULL,
  `Mindestbestand` int(2) DEFAULT NULL,
  `Auslaufartikel` int(1) DEFAULT NULL
) ENGINE=InnoDB DEFAULT CHARSET=utf8;

--
-- Daten für Tabelle `artikel`
--

INSERT INTO `artikel` (`ArtikelNr`, `Artikelname`, `LieferantenNr`, `KategorieNr`, `Liefereinheit`, `Einzelpreis`, `Lagerbestand`, `BestellteEinheiten`, `Mindestbestand`, `Auslaufartikel`) VALUES
(1, 'Scan Disk Cruzer Blade 128 GB', 1, 1, 'Blister mit 2 Stück', '46.00', 39, 0, 10, 0),
(2, 'Scan Disk Cruzer Blade 64 GB', 1, 1, 'Blister mit 4 Stück', '53.00', 17, 40, 25, 0),
(3, 'Midi Tower schwarz', 1, 2, '2 Stück', '68.00', 13, 70, 25, 0),
(4, 'Midi Tower rot Premium', 2, 2, '5 Stück', '217.00', 53, 0, 0, 0),
(5, 'Sharkoon VG4-Schwarz', 2, 2, '1 Stück', '38.00', 0, 0, 0, 1),
(6, 'Corsair Graphite Series', 3, 2, '2 Stück', '257.00', 18, 0, 10, 0),
(7, 'BenQ 21 Zoll', 3, 7, '1 Stück', '129.00', 15, 0, 10, 0),
(8, 'Themaltake A340', 3, 2, '1 Stück', '48.00', 6, 0, 0, 0),
(9, 'Maus Basic Kabel 3 Tasten', 4, 6, '5 Stück', '24.00', 29, 0, 10, 1),
(10, 'Ikura Tablet', 4, 8, '1 Stück', '69.00', 31, 0, 0, 0),
(11, 'HDMI Kabel 1,5 m', 5, 4, 'Karton x 5 Einheiten', '21.00', 22, 30, 30, 0),
(12, 'HDMI Kabel 2,5 m', 5, 4, 'Karton x 5 Einheiten', '38.00', 86, 0, 0, 0),
(13, 'Samsung Galaxy Tablet A 10,1', 6, 8, '1 Stück', '160.00', 24, 0, 5, 0),
(14, 'Dell Touch Monitor 19 ''''', 6, 7, '1 Stück', '232.00', 35, 0, 0, 0),
(15, 'Viper Raidmax MY', 6, 2, '1 Stück', '63.00', 39, 0, 5, 0),
(16, 'Seagate 250 GB', 7, 3, '1 Stück', '70.00', 29, 0, 10, 0),
(17, 'Bluetooth Maus "Ranger"', 7, 6, '2 Stück', '39.00', 0, 0, 0, 1),
(18, 'Samsung', 7, 8, '1 Stück', '62.00', 42, 0, 0, 0),
(19, 'Western Digital 500 GB', 8, 3, '1 Stück', '99.00', 25, 0, 5, 0),
(20, 'Western Digital 800 GB', 8, 3, '1 Stück', '145.00', 40, 0, 0, 0),
(21, 'Western Digital 2 TB', 8, 3, '1 Stück', '359.00', 3, 40, 5, 0),
(22, 'Razer USB Tastatur', 17, 5, '1 Stück', '21.00', 104, 0, 25, 0),
(23, 'Sharkoon Skiller PRO', 9, 5, '1 Stück', '30.00', 61, 0, 25, 0),
(24, 'Intenso Budget Line 8 GB', 10, 1, 'Karton mit 10 Stück', '34.00', 20, 0, 0, 1),
(25, 'Fujitsu 200 GB SD', 11, 3, '1 Stück', '259.00', 76, 0, 30, 0),
(26, 'HP SD 50 GB', 11, 3, 'Karton x 4 Stück', '178.00', 15, 0, 0, 0),
(27, 'Fujitsu 1 TB', 11, 3, '1 Stück', '219.00', 49, 0, 30, 0),
(28, 'ASUS V""( NE 21,5''''', 12, 7, '1 Stück', '89.00', 26, 0, 0, 1),
(29, 'Microsoft Mouse Wedge', 12, 6, '1 Stück', '56.00', 0, 0, 2, 1),
(30, 'Lenovo Yoga Tablet Android', 13, 8, '1 Stück', '179.00', 10, 0, 15, 0),
(31, 'USB Hub 5x USB 2,0', 14, 4, 'Blister mit 4 Stück', '45.00', 0, 70, 10, 0),
(32, 'USB Drucker Kabel', 14, 4, 'Karton mit 10 Stück', '32.00', 9, 40, 10, 0),
(33, 'USB auf Micro USB Kabel', 15, 4, 'Karton mit 5 Stück', '26.00', 112, 0, 5, 0),
(34, 'Toshiba Trans Memory 16 GB', 16, 1, '4 Stück', '24.00', 111, 0, 15, 0),
(35, 'Intenso USB Flash Mini 8 GB', 16, 1, '2 Stück', '18.00', 20, 0, 15, 0),
(36, 'Ipad Air 2n 64 GB WiFi', 2, 8, '1 Stück', '519.00', 112, 0, 20, 0),
(37, 'Ipad Air 2n 64 GB Cellular', 2, 8, '1 Stück', '626.00', 11, 50, 25, 0),
(38, 'Samsung USB Micro 32 GB', 18, 1, '1 Stück', '14.00', 17, 0, 15, 0),
(39, 'Kingsten Data 32 GB', 18, 1, '2 Stück', '10.00', 69, 0, 5, 0),
(40, 'Microsoft Surface Pro 4', 2, 8, '1 Stück', '918.00', 123, 0, 30, 0),
(41, 'Acer Iconia Tab 10 32 GB', 9, 8, '1 Stück', '199.00', 85, 0, 10, 0),
(42, 'Samsung Book Cover Keyboard drahtlos', 20, 5, '1 Stück', '29.00', 26, 0, 0, 1),
(43, 'Mini USB Stick 4 GB', 20, 1, 'Karton mit 10 Stück', '46.00', 17, 10, 25, 0),
(44, 'Aero Cool Syclone II', 20, 2, '1 Stück', '105.00', 27, 0, 15, 0),
(45, 'Lenovo A10-70', 21, 8, '1 Stück', '184.00', 5, 70, 15, 0),
(46, 'Lenovo Yoga Tablet Win10', 13, 8, '1 Stück', '412.00', 95, 0, 0, 0),
(47, 'Budget 200 GB', 22, 3, '1 Stück', '36.00', 36, 0, 0, 0),
(48, 'Budget 500 GB', 22, 3, '1 Stück', '67.00', 15, 70, 25, 0),
(49, 'Flash SD 80 GB', 23, 3, '1 Stück', '132.00', 10, 60, 15, 0),
(50, 'Flash SD 100 GB', 23, 3, '1 Stück', '164.00', 65, 0, 30, 0),
(51, 'Samsung S22D 21,5 ''''', 24, 7, '1 Stück', '98.00', 20, 0, 10, 0),
(52, 'Logitech K120', 24, 5, '1 Stück', '14.00', 38, 0, 25, 0),
(53, 'Trackpad Wacom Z7', 24, 6, '1 Stück', '89.00', 2, 0, 3, 1),
(54, 'Dell Pointer Mouse', 25, 6, '1 Stück', '17.00', 21, 0, 10, 0),
(55, 'Logitech Mouse Wireless', 25, 6, '1 Stück', '24.00', 115, 0, 20, 0),
(56, 'Logitech G810 Orion Spectrum', 26, 5, '1 Stück', '150.00', 21, 10, 30, 0),
(57, 'Cherry MX Board 3.0 USB', 13, 5, '1 Stück', '61.00', 36, 0, 20, 0),
(58, 'TrekStor Surftab Win10', 27, 8, '1 Stück', '159.00', 62, 0, 20, 0),
(59, 'Microsoft Wireless Adapter', 28, 4, '1 Stück', '55.00', 79, 0, 0, 0),
(60, 'Plantronics Headset B44', 28, 4, '1 Stück', '34.00', 19, 0, 0, 0),
(61, 'Rasurbo Basic', 29, 2, '1 Stück', '28.00', 113, 0, 25, 0),
(62, 'Seagate 750 GB', 29, 3, '1 Stück', '176.00', 17, 0, 0, 0),
(63, 'Bit Fenix Shinobi Midi', 7, 2, '1 Stück', '58.00', 24, 0, 5, 0),
(64, 'Cherry Strait Corded', 13, 5, '1 Stück', '33.00', 22, 80, 30, 0),
(65, 'AeroCool Strike X ONE', 2, 2, '1 Stück', '76.00', 76, 0, 0, 0),
(66, 'MS Tech Slimline', 2, 2, '1 Stück', '30.00', 4, 100, 20, 0),
(67, 'USB Key Stick 16 GB', 16, 1, '1 Stück', '14.00', 52, 0, 10, 0),
(68, 'Seagate 5 TB SCSI', 8, 3, '1 Stück', '498.00', 6, 10, 15, 0),
(69, 'USB Converter', 27, 4, 'Blister 12 Stück', '36.00', 26, 0, 15, 0),
(70, 'Toshiba Memory 8 GB', 7, 1, '2 Stück', '15.00', 15, 10, 30, 0),
(71, 'VGA Kabel 1,5 m', 15, 4, 'Karton mit 8 Stück', '22.00', 26, 0, 0, 0),
(72, 'VGA Kabel 3 m', 14, 4, 'Karton mit 6 Stück', '35.00', 14, 0, 0, 0),
(73, 'Medion Lifetab 10,1 16 GB', 27, 8, '1 Stück', '145.00', 101, 0, 5, 0),
(74, 'LG MP24LF 24 ''''', 4, 7, '1 Stück', '109.00', 4, 20, 5, 0),
(75, 'Kingston Data Traveler 8 GB', 12, 1, '1 Stück', '8.00', 125, 0, 25, 0),
(76, 'Bestrunner USB Stick 4 GB', 23, 1, 'Blister mit 4 Stück', '18.00', 57, 0, 20, 0),
(77, 'MS Tech Desktop', 12, 2, '1 Stück', '34.00', 32, 0, 15, 0),
(78, 'Nvidia GeForce RTX 10GB', 27, 9, '1 Stück', '599.00', 5, 2, 6, 0),
(79, 'Nvidia GeForce RTX 3060 Ti 8GB GDDR6', 27, 9, '1 Stück', '385.50', 7, 0, 10, 0),
(80, 'AMD Radeon RX 6800 16GB GDDR6', 25, 9, '1 Stück', '468.90', 8, 5, 10, 0);

-- --------------------------------------------------------

--
-- Tabellenstruktur für Tabelle `bestelldetails`
--

CREATE TABLE `bestelldetails` (
  `BestellNr` int(5) NOT NULL,
  `ArtikelNr` int(2) NOT NULL,
  `Einzelpreis` decimal(15,2) DEFAULT NULL,
  `Anzahl` int(3) DEFAULT NULL,
  `Rabatt` decimal(2,2) DEFAULT NULL
) ENGINE=InnoDB DEFAULT CHARSET=utf8;

--
-- Daten für Tabelle `bestelldetails`
--

INSERT INTO `bestelldetails` (`BestellNr`, `ArtikelNr`, `Einzelpreis`, `Anzahl`, `Rabatt`) VALUES
(10248, 11, '21.00', 12, '0.00'),
(10248, 42, '29.00', 10, '0.00'),
(10248, 72, '35.00', 5, '0.00'),
(10249, 14, '232.00', 9, '0.00'),
(10249, 51, '98.00', 40, '0.00'),
(10250, 41, '199.00', 10, '0.00'),
(10250, 51, '98.00', 35, '0.15'),
(10250, 65, '76.00', 15, '0.15'),
(10251, 22, '21.00', 6, '0.05'),
(10251, 57, '61.00', 15, '0.05'),
(10251, 65, '76.00', 20, '0.00'),
(10252, 20, '145.00', 40, '0.05'),
(10252, 33, '26.00', 25, '0.05'),
(10252, 60, '34.00', 40, '0.00'),
(10253, 31, '45.00', 20, '0.00'),
(10253, 39, '10.00', 42, '0.00'),
(10253, 49, '132.00', 40, '0.00'),
(10254, 24, '34.00', 15, '0.15'),
(10254, 55, '24.00', 21, '0.15'),
(10254, 74, '109.00', 21, '0.00'),
(10255, 2, '53.00', 20, '0.00'),
(10255, 16, '70.00', 35, '0.00'),
(10255, 36, '519.00', 25, '0.00'),
(10255, 59, '55.00', 30, '0.00'),
(10256, 53, '89.00', 15, '0.00'),
(10256, 77, '34.00', 12, '0.00'),
(10257, 27, '219.00', 25, '0.00'),
(10257, 39, '10.00', 6, '0.00'),
(10257, 77, '34.00', 15, '0.00'),
(10258, 2, '53.00', 50, '0.20'),
(10258, 5, '38.00', 65, '0.20'),
(10258, 32, '32.00', 6, '0.20'),
(10259, 21, '359.00', 10, '0.00'),
(10259, 37, '626.00', 1, '0.00'),
(10260, 41, '199.00', 16, '0.25'),
(10260, 57, '61.00', 50, '0.00'),
(10260, 62, '176.00', 15, '0.25'),
(10260, 70, '15.00', 21, '0.25'),
(10261, 21, '359.00', 20, '0.00'),
(10261, 35, '18.00', 20, '0.00'),
(10262, 5, '38.00', 12, '0.20'),
(10262, 7, '129.00', 15, '0.00'),
(10262, 56, '150.00', 2, '0.00'),
(10263, 16, '70.00', 60, '0.25'),
(10263, 24, '34.00', 28, '0.00'),
(10263, 30, '179.00', 60, '0.25'),
(10263, 74, '109.00', 36, '0.25'),
(10264, 2, '53.00', 35, '0.00'),
(10264, 41, '199.00', 25, '0.15'),
(10265, 17, '39.00', 30, '0.00'),
(10265, 70, '15.00', 20, '0.00'),
(10266, 12, '38.00', 12, '0.05'),
(10267, 40, '918.00', 50, '0.00'),
(10267, 59, '55.00', 70, '0.15'),
(10267, 76, '18.00', 15, '0.15'),
(10268, 29, '56.00', 10, '0.00'),
(10268, 72, '35.00', 4, '0.00'),
(10269, 33, '26.00', 60, '0.05'),
(10269, 72, '35.00', 20, '0.05'),
(10270, 36, '519.00', 30, '0.00'),
(10270, 43, '46.00', 25, '0.00'),
(10271, 33, '26.00', 24, '0.00'),
(10272, 20, '145.00', 6, '0.00'),
(10272, 31, '45.00', 40, '0.00'),
(10272, 72, '35.00', 24, '0.00'),
(10273, 10, '69.00', 24, '0.05'),
(10273, 31, '45.00', 15, '0.05'),
(10273, 33, '26.00', 20, '0.00'),
(10273, 40, '918.00', 60, '0.05'),
(10273, 76, '18.00', 33, '0.05'),
(10274, 71, '22.00', 20, '0.00'),
(10274, 72, '35.00', 7, '0.00'),
(10275, 24, '34.00', 12, '0.05'),
(10275, 59, '55.00', 6, '0.05'),
(10276, 10, '69.00', 15, '0.00'),
(10276, 13, '160.00', 10, '0.00'),
(10277, 28, '89.00', 20, '0.00'),
(10277, 62, '176.00', 12, '0.00'),
(10278, 44, '105.00', 16, '0.00'),
(10278, 59, '55.00', 15, '0.00'),
(10278, 63, '58.00', 8, '0.00'),
(10278, 73, '145.00', 25, '0.00'),
(10279, 17, '39.00', 15, '0.25'),
(10280, 24, '34.00', 12, '0.00'),
(10280, 55, '24.00', 20, '0.00'),
(10280, 75, '8.00', 30, '0.00'),
(10281, 19, '99.00', 1, '0.00'),
(10281, 24, '34.00', 6, '0.00'),
(10281, 35, '18.00', 4, '0.00'),
(10282, 30, '179.00', 6, '0.00'),
(10282, 57, '61.00', 2, '0.00'),
(10283, 15, '63.00', 20, '0.00'),
(10283, 19, '99.00', 18, '0.00'),
(10283, 60, '34.00', 35, '0.00'),
(10283, 72, '35.00', 3, '0.00'),
(10284, 27, '219.00', 15, '0.25'),
(10284, 44, '105.00', 21, '0.00'),
(10284, 60, '34.00', 20, '0.25'),
(10284, 67, '14.00', 5, '0.25'),
(10285, 1, '46.00', 45, '0.20'),
(10285, 40, '918.00', 40, '0.20'),
(10285, 53, '89.00', 36, '0.20'),
(10286, 35, '18.00', 100, '0.00'),
(10286, 62, '176.00', 40, '0.00'),
(10287, 16, '70.00', 40, '0.15'),
(10287, 34, '24.00', 20, '0.00'),
(10287, 46, '412.00', 15, '0.15'),
(10288, 54, '17.00', 10, '0.10'),
(10288, 68, '498.00', 3, '0.10'),
(10289, 3, '68.00', 30, '0.00'),
(10289, 64, '33.00', 9, '0.00'),
(10290, 5, '38.00', 20, '0.00'),
(10290, 29, '56.00', 15, '0.00'),
(10290, 49, '132.00', 15, '0.00'),
(10290, 77, '34.00', 10, '0.00'),
(10291, 13, '160.00', 20, '0.10'),
(10291, 44, '105.00', 24, '0.10'),
(10291, 51, '98.00', 2, '0.10'),
(10292, 20, '145.00', 20, '0.00'),
(10293, 18, '62.00', 12, '0.00'),
(10293, 24, '34.00', 10, '0.00'),
(10293, 63, '58.00', 5, '0.00'),
(10293, 75, '8.00', 6, '0.00'),
(10294, 1, '46.00', 18, '0.00'),
(10294, 17, '39.00', 15, '0.00'),
(10294, 43, '46.00', 15, '0.00'),
(10294, 60, '34.00', 21, '0.00'),
(10294, 75, '8.00', 6, '0.00'),
(10295, 56, '150.00', 4, '0.00'),
(10296, 11, '21.00', 12, '0.00'),
(10296, 16, '70.00', 30, '0.00'),
(10296, 69, '36.00', 15, '0.00'),
(10297, 39, '10.00', 60, '0.00'),
(10297, 72, '35.00', 20, '0.00'),
(10298, 2, '53.00', 40, '0.00'),
(10298, 36, '519.00', 40, '0.25'),
(10298, 59, '55.00', 30, '0.25'),
(10298, 62, '176.00', 15, '0.00'),
(10299, 19, '99.00', 15, '0.00'),
(10299, 70, '15.00', 20, '0.00'),
(10300, 66, '30.00', 30, '0.00'),
(10300, 68, '498.00', 20, '0.00'),
(10301, 40, '918.00', 10, '0.00'),
(10301, 56, '150.00', 20, '0.00'),
(10302, 17, '39.00', 40, '0.00'),
(10302, 28, '89.00', 28, '0.00'),
(10302, 43, '46.00', 12, '0.00'),
(10303, 40, '918.00', 40, '0.10'),
(10303, 65, '76.00', 30, '0.10'),
(10303, 68, '498.00', 15, '0.10'),
(10304, 49, '132.00', 30, '0.00'),
(10304, 59, '55.00', 10, '0.00'),
(10304, 71, '22.00', 2, '0.00'),
(10305, 18, '62.00', 25, '0.10'),
(10305, 29, '56.00', 25, '0.10'),
(10305, 39, '10.00', 30, '0.10'),
(10306, 30, '179.00', 10, '0.00'),
(10306, 53, '89.00', 10, '0.00'),
(10306, 54, '17.00', 5, '0.00'),
(10307, 62, '176.00', 10, '0.00'),
(10307, 68, '498.00', 3, '0.00'),
(10308, 69, '36.00', 1, '0.00'),
(10308, 70, '15.00', 5, '0.00'),
(10309, 4, '217.00', 20, '0.00'),
(10309, 6, '257.00', 30, '0.00'),
(10309, 42, '29.00', 2, '0.00'),
(10309, 43, '46.00', 20, '0.00'),
(10309, 71, '22.00', 3, '0.00'),
(10310, 16, '70.00', 10, '0.00'),
(10310, 62, '176.00', 5, '0.00'),
(10311, 42, '29.00', 6, '0.00'),
(10311, 69, '36.00', 7, '0.00'),
(10312, 28, '89.00', 4, '0.00'),
(10312, 43, '46.00', 24, '0.00'),
(10312, 53, '89.00', 20, '0.00'),
(10312, 75, '8.00', 10, '0.00'),
(10313, 36, '519.00', 12, '0.00'),
(10314, 32, '32.00', 40, '0.10'),
(10314, 58, '159.00', 30, '0.10'),
(10314, 62, '176.00', 25, '0.10'),
(10315, 34, '24.00', 14, '0.00'),
(10315, 70, '15.00', 30, '0.00'),
(10316, 41, '199.00', 10, '0.00'),
(10316, 62, '176.00', 70, '0.00'),
(10317, 1, '46.00', 20, '0.00'),
(10318, 41, '199.00', 20, '0.00'),
(10318, 76, '18.00', 6, '0.00'),
(10319, 17, '39.00', 8, '0.00'),
(10319, 28, '89.00', 14, '0.00'),
(10319, 76, '18.00', 30, '0.00'),
(10320, 71, '22.00', 30, '0.00'),
(10321, 35, '18.00', 10, '0.00'),
(10322, 52, '14.00', 20, '0.00'),
(10323, 15, '63.00', 5, '0.00'),
(10323, 25, '259.00', 4, '0.00'),
(10323, 39, '10.00', 4, '0.00'),
(10324, 16, '70.00', 21, '0.15'),
(10324, 35, '18.00', 70, '0.15'),
(10324, 46, '412.00', 30, '0.00'),
(10324, 59, '55.00', 40, '0.15'),
(10324, 63, '58.00', 80, '0.15'),
(10325, 6, '257.00', 6, '0.00'),
(10325, 13, '160.00', 12, '0.00'),
(10325, 14, '232.00', 9, '0.00'),
(10325, 31, '45.00', 4, '0.00'),
(10325, 72, '35.00', 40, '0.00'),
(10326, 4, '217.00', 24, '0.00'),
(10326, 57, '61.00', 16, '0.00'),
(10326, 75, '8.00', 50, '0.00'),
(10327, 2, '53.00', 25, '0.20'),
(10327, 11, '21.00', 50, '0.20'),
(10327, 30, '179.00', 35, '0.20'),
(10327, 58, '159.00', 30, '0.20'),
(10328, 59, '55.00', 9, '0.00'),
(10328, 65, '76.00', 40, '0.00'),
(10328, 68, '498.00', 10, '0.00'),
(10329, 19, '99.00', 10, '0.05'),
(10329, 30, '179.00', 8, '0.05'),
(10329, 38, '14.00', 20, '0.05'),
(10329, 56, '150.00', 12, '0.05'),
(10330, 26, '178.00', 50, '0.15'),
(10330, 72, '35.00', 25, '0.15'),
(10331, 54, '17.00', 15, '0.00'),
(10332, 18, '62.00', 40, '0.20'),
(10332, 42, '29.00', 10, '0.20'),
(10332, 47, '36.00', 16, '0.20'),
(10333, 14, '232.00', 10, '0.00'),
(10333, 21, '359.00', 10, '0.10'),
(10333, 71, '22.00', 40, '0.10'),
(10334, 52, '14.00', 8, '0.00'),
(10334, 68, '498.00', 10, '0.00'),
(10335, 2, '53.00', 7, '0.20'),
(10335, 31, '45.00', 25, '0.20'),
(10335, 32, '32.00', 6, '0.20'),
(10335, 51, '98.00', 48, '0.20'),
(10336, 4, '217.00', 18, '0.10'),
(10337, 23, '30.00', 40, '0.00'),
(10337, 26, '178.00', 24, '0.00'),
(10337, 36, '519.00', 20, '0.00'),
(10337, 37, '626.00', 28, '0.00'),
(10337, 72, '35.00', 25, '0.00'),
(10338, 17, '39.00', 20, '0.00'),
(10338, 30, '179.00', 15, '0.00'),
(10339, 4, '217.00', 10, '0.00'),
(10339, 17, '39.00', 70, '0.05'),
(10339, 62, '176.00', 28, '0.00'),
(10340, 18, '62.00', 20, '0.05'),
(10340, 41, '199.00', 12, '0.05'),
(10340, 43, '46.00', 40, '0.05'),
(10341, 33, '26.00', 8, '0.00'),
(10341, 59, '55.00', 9, '0.15'),
(10342, 2, '53.00', 24, '0.20'),
(10342, 31, '45.00', 56, '0.20'),
(10342, 36, '519.00', 40, '0.20'),
(10342, 55, '24.00', 40, '0.20'),
(10343, 64, '33.00', 50, '0.00'),
(10343, 68, '498.00', 4, '0.05'),
(10343, 76, '18.00', 15, '0.00'),
(10344, 4, '217.00', 35, '0.00'),
(10344, 8, '48.00', 70, '0.25'),
(10345, 8, '48.00', 70, '0.00'),
(10345, 19, '99.00', 80, '0.00'),
(10345, 42, '29.00', 9, '0.00'),
(10346, 17, '39.00', 36, '0.10'),
(10346, 56, '150.00', 20, '0.00'),
(10347, 25, '259.00', 10, '0.00'),
(10347, 39, '10.00', 50, '0.15'),
(10347, 40, '918.00', 4, '0.00'),
(10347, 75, '8.00', 6, '0.15'),
(10348, 1, '46.00', 15, '0.15'),
(10348, 23, '30.00', 25, '0.00'),
(10349, 54, '17.00', 24, '0.00'),
(10350, 50, '164.00', 15, '0.10'),
(10350, 69, '36.00', 18, '0.10'),
(10351, 38, '14.00', 20, '0.05'),
(10351, 41, '199.00', 13, '0.00'),
(10351, 44, '105.00', 77, '0.05'),
(10351, 65, '76.00', 10, '0.05'),
(10352, 24, '34.00', 10, '0.00'),
(10352, 54, '17.00', 20, '0.15'),
(10353, 11, '21.00', 12, '0.20'),
(10353, 38, '14.00', 50, '0.20'),
(10354, 1, '46.00', 12, '0.00'),
(10354, 29, '56.00', 4, '0.00'),
(10355, 24, '34.00', 25, '0.00'),
(10355, 57, '61.00', 25, '0.00'),
(10356, 31, '45.00', 30, '0.00'),
(10356, 55, '24.00', 12, '0.00'),
(10356, 69, '36.00', 20, '0.00'),
(10357, 10, '69.00', 30, '0.20'),
(10357, 26, '178.00', 16, '0.00'),
(10357, 60, '34.00', 8, '0.20'),
(10358, 24, '34.00', 10, '0.05'),
(10358, 34, '24.00', 10, '0.05'),
(10358, 36, '519.00', 20, '0.05'),
(10359, 16, '70.00', 56, '0.05'),
(10359, 31, '45.00', 70, '0.05'),
(10359, 60, '34.00', 80, '0.05'),
(10360, 28, '89.00', 30, '0.00'),
(10360, 29, '56.00', 35, '0.00'),
(10360, 38, '14.00', 10, '0.00'),
(10360, 49, '132.00', 35, '0.00'),
(10360, 54, '17.00', 28, '0.00'),
(10361, 39, '10.00', 54, '0.10'),
(10361, 60, '34.00', 55, '0.10'),
(10362, 25, '259.00', 50, '0.00'),
(10362, 51, '98.00', 20, '0.00'),
(10362, 54, '17.00', 24, '0.00'),
(10363, 31, '45.00', 20, '0.00'),
(10363, 75, '8.00', 12, '0.00'),
(10363, 76, '18.00', 12, '0.00'),
(10364, 69, '36.00', 30, '0.00'),
(10364, 71, '22.00', 5, '0.00'),
(10365, 11, '21.00', 24, '0.00'),
(10366, 65, '76.00', 5, '0.00'),
(10366, 77, '34.00', 5, '0.00'),
(10367, 34, '24.00', 36, '0.00'),
(10367, 54, '17.00', 18, '0.00'),
(10367, 65, '76.00', 15, '0.00'),
(10367, 77, '34.00', 7, '0.00'),
(10368, 21, '359.00', 5, '0.10'),
(10368, 28, '89.00', 13, '0.10'),
(10368, 57, '61.00', 25, '0.00'),
(10368, 64, '33.00', 35, '0.10'),
(10369, 29, '56.00', 20, '0.00'),
(10369, 56, '150.00', 18, '0.25'),
(10370, 1, '46.00', 15, '0.15'),
(10370, 64, '33.00', 30, '0.00'),
(10370, 74, '109.00', 20, '0.15'),
(10371, 36, '519.00', 6, '0.20'),
(10372, 20, '145.00', 12, '0.25'),
(10372, 38, '14.00', 40, '0.25'),
(10372, 60, '34.00', 70, '0.25'),
(10372, 72, '35.00', 42, '0.25'),
(10373, 58, '159.00', 80, '0.20'),
(10373, 71, '22.00', 50, '0.20'),
(10374, 31, '45.00', 30, '0.00'),
(10374, 58, '159.00', 15, '0.00'),
(10375, 14, '232.00', 15, '0.00'),
(10375, 54, '17.00', 10, '0.00'),
(10376, 31, '45.00', 42, '0.05'),
(10377, 28, '89.00', 20, '0.15'),
(10377, 39, '10.00', 20, '0.15'),
(10378, 71, '22.00', 6, '0.00'),
(10379, 41, '199.00', 8, '0.10'),
(10379, 63, '58.00', 16, '0.10'),
(10379, 65, '76.00', 20, '0.10'),
(10380, 30, '179.00', 18, '0.10'),
(10380, 53, '89.00', 20, '0.10'),
(10380, 60, '34.00', 6, '0.10'),
(10380, 70, '15.00', 30, '0.00'),
(10381, 74, '109.00', 14, '0.00'),
(10382, 5, '38.00', 32, '0.00'),
(10382, 18, '62.00', 9, '0.00'),
(10382, 29, '56.00', 14, '0.00'),
(10382, 33, '26.00', 60, '0.00'),
(10382, 74, '109.00', 50, '0.00'),
(10383, 13, '160.00', 20, '0.00'),
(10383, 50, '164.00', 15, '0.00'),
(10383, 56, '150.00', 20, '0.00'),
(10384, 20, '145.00', 28, '0.00'),
(10384, 60, '34.00', 15, '0.00'),
(10385, 7, '129.00', 10, '0.20'),
(10385, 60, '34.00', 20, '0.20'),
(10385, 68, '498.00', 8, '0.20'),
(10386, 24, '34.00', 15, '0.00'),
(10386, 34, '24.00', 10, '0.00'),
(10387, 24, '34.00', 15, '0.00'),
(10387, 28, '89.00', 6, '0.00'),
(10387, 59, '55.00', 12, '0.00'),
(10387, 71, '22.00', 15, '0.00'),
(10388, 45, '184.00', 15, '0.20'),
(10388, 52, '14.00', 20, '0.20'),
(10388, 53, '89.00', 40, '0.00'),
(10389, 10, '69.00', 16, '0.00'),
(10389, 55, '24.00', 15, '0.00'),
(10389, 62, '176.00', 20, '0.00'),
(10389, 70, '15.00', 30, '0.00'),
(10390, 31, '45.00', 60, '0.10'),
(10390, 35, '18.00', 40, '0.10'),
(10390, 46, '412.00', 45, '0.00'),
(10390, 72, '35.00', 24, '0.10'),
(10391, 13, '160.00', 18, '0.00'),
(10392, 69, '36.00', 50, '0.00'),
(10393, 2, '53.00', 25, '0.25'),
(10393, 14, '232.00', 42, '0.25'),
(10393, 25, '259.00', 7, '0.25'),
(10393, 26, '178.00', 70, '0.25'),
(10393, 31, '45.00', 32, '0.00'),
(10394, 13, '160.00', 10, '0.00'),
(10394, 62, '176.00', 10, '0.00'),
(10395, 46, '412.00', 28, '0.10'),
(10395, 53, '89.00', 70, '0.10'),
(10395, 69, '36.00', 8, '0.00'),
(10396, 23, '30.00', 40, '0.00'),
(10396, 71, '22.00', 60, '0.00'),
(10396, 72, '35.00', 21, '0.00'),
(10397, 21, '359.00', 10, '0.15'),
(10397, 51, '98.00', 18, '0.15'),
(10398, 35, '18.00', 30, '0.00'),
(10398, 55, '24.00', 120, '0.10'),
(10399, 68, '498.00', 60, '0.00'),
(10399, 71, '22.00', 30, '0.00'),
(10399, 76, '18.00', 35, '0.00'),
(10399, 77, '34.00', 14, '0.00'),
(10400, 29, '56.00', 21, '0.00'),
(10400, 35, '18.00', 35, '0.00'),
(10400, 49, '132.00', 30, '0.00'),
(10401, 30, '179.00', 18, '0.00'),
(10401, 56, '150.00', 70, '0.00'),
(10401, 65, '76.00', 20, '0.00'),
(10401, 71, '22.00', 60, '0.00'),
(10402, 23, '30.00', 60, '0.00'),
(10402, 63, '58.00', 65, '0.00'),
(10403, 16, '70.00', 21, '0.15'),
(10403, 48, '67.00', 70, '0.15'),
(10404, 26, '178.00', 30, '0.05'),
(10404, 42, '29.00', 40, '0.05'),
(10404, 49, '132.00', 30, '0.05'),
(10405, 3, '68.00', 50, '0.00'),
(10406, 1, '46.00', 10, '0.00'),
(10406, 21, '359.00', 30, '0.10'),
(10406, 28, '89.00', 42, '0.10'),
(10406, 36, '519.00', 5, '0.10'),
(10406, 40, '918.00', 2, '0.10'),
(10407, 11, '21.00', 30, '0.00'),
(10407, 69, '36.00', 15, '0.00'),
(10407, 71, '22.00', 15, '0.00'),
(10408, 37, '626.00', 10, '0.00'),
(10408, 54, '17.00', 6, '0.00'),
(10408, 62, '176.00', 35, '0.00'),
(10409, 14, '232.00', 12, '0.00'),
(10409, 21, '359.00', 12, '0.00'),
(10410, 33, '26.00', 49, '0.00'),
(10410, 59, '55.00', 16, '0.00'),
(10411, 41, '199.00', 25, '0.20'),
(10411, 44, '105.00', 40, '0.20'),
(10411, 59, '55.00', 9, '0.20'),
(10412, 14, '232.00', 20, '0.10'),
(10413, 1, '46.00', 24, '0.00'),
(10413, 62, '176.00', 40, '0.00'),
(10413, 76, '18.00', 14, '0.00'),
(10414, 19, '99.00', 18, '0.05'),
(10414, 33, '26.00', 50, '0.00'),
(10415, 17, '39.00', 2, '0.00'),
(10415, 33, '26.00', 20, '0.00'),
(10416, 19, '99.00', 20, '0.00'),
(10416, 53, '89.00', 10, '0.00'),
(10416, 57, '61.00', 20, '0.00'),
(10417, 38, '14.00', 50, '0.00'),
(10417, 46, '412.00', 2, '0.25'),
(10417, 68, '498.00', 36, '0.25'),
(10417, 77, '34.00', 35, '0.00'),
(10418, 2, '53.00', 60, '0.00'),
(10418, 47, '36.00', 55, '0.00'),
(10418, 61, '28.00', 16, '0.00'),
(10418, 74, '109.00', 15, '0.00'),
(10419, 60, '34.00', 60, '0.05'),
(10419, 69, '36.00', 20, '0.05'),
(10420, 9, '24.00', 20, '0.10'),
(10420, 13, '160.00', 2, '0.10'),
(10420, 70, '15.00', 8, '0.10'),
(10420, 73, '145.00', 20, '0.10'),
(10421, 19, '99.00', 4, '0.15'),
(10421, 26, '178.00', 30, '0.00'),
(10421, 53, '89.00', 15, '0.15'),
(10421, 77, '34.00', 10, '0.15'),
(10422, 26, '178.00', 2, '0.00'),
(10423, 31, '45.00', 14, '0.00'),
(10423, 59, '55.00', 20, '0.00'),
(10424, 35, '18.00', 60, '0.20'),
(10424, 38, '14.00', 49, '0.20'),
(10424, 68, '498.00', 30, '0.20'),
(10425, 55, '24.00', 10, '0.25'),
(10425, 76, '18.00', 20, '0.25'),
(10426, 56, '150.00', 5, '0.00'),
(10426, 64, '33.00', 7, '0.00'),
(10427, 14, '232.00', 35, '0.00'),
(10428, 46, '412.00', 20, '0.00'),
(10429, 50, '164.00', 40, '0.00'),
(10429, 63, '58.00', 35, '0.25'),
(10430, 17, '39.00', 45, '0.20'),
(10430, 21, '359.00', 50, '0.00'),
(10430, 56, '150.00', 30, '0.00'),
(10430, 59, '55.00', 70, '0.20'),
(10431, 17, '39.00', 50, '0.25'),
(10431, 40, '918.00', 50, '0.25'),
(10431, 47, '36.00', 30, '0.25'),
(10432, 26, '178.00', 10, '0.00'),
(10432, 54, '17.00', 40, '0.00'),
(10433, 56, '150.00', 28, '0.00'),
(10434, 11, '21.00', 6, '0.00'),
(10434, 76, '18.00', 18, '0.15'),
(10435, 2, '53.00', 10, '0.00'),
(10435, 22, '21.00', 12, '0.00'),
(10435, 72, '35.00', 10, '0.00'),
(10436, 46, '412.00', 5, '0.00'),
(10436, 56, '150.00', 40, '0.10'),
(10436, 64, '33.00', 30, '0.10'),
(10436, 75, '8.00', 24, '0.10'),
(10437, 53, '89.00', 15, '0.00'),
(10438, 19, '99.00', 15, '0.20'),
(10438, 34, '24.00', 20, '0.20'),
(10438, 57, '61.00', 15, '0.20'),
(10439, 12, '38.00', 15, '0.00'),
(10439, 16, '70.00', 16, '0.00'),
(10439, 64, '33.00', 6, '0.00'),
(10439, 74, '109.00', 30, '0.00'),
(10440, 2, '53.00', 45, '0.15'),
(10440, 16, '70.00', 49, '0.15'),
(10440, 29, '56.00', 24, '0.15'),
(10440, 61, '28.00', 90, '0.15'),
(10441, 27, '219.00', 50, '0.00'),
(10442, 11, '21.00', 30, '0.00'),
(10442, 54, '17.00', 80, '0.00'),
(10442, 66, '30.00', 60, '0.00'),
(10443, 11, '21.00', 6, '0.20'),
(10443, 28, '89.00', 12, '0.00'),
(10444, 17, '39.00', 10, '0.00'),
(10444, 26, '178.00', 15, '0.00'),
(10444, 35, '18.00', 8, '0.00'),
(10444, 41, '199.00', 30, '0.00'),
(10445, 39, '10.00', 6, '0.00'),
(10445, 54, '17.00', 15, '0.00'),
(10446, 19, '99.00', 12, '0.10'),
(10446, 24, '34.00', 20, '0.10'),
(10446, 31, '45.00', 3, '0.10'),
(10446, 52, '14.00', 15, '0.10'),
(10447, 19, '99.00', 40, '0.00'),
(10447, 65, '76.00', 35, '0.00'),
(10447, 71, '22.00', 2, '0.00'),
(10448, 26, '178.00', 6, '0.00'),
(10448, 40, '918.00', 20, '0.00'),
(10449, 10, '69.00', 14, '0.00'),
(10449, 52, '14.00', 20, '0.00'),
(10449, 62, '176.00', 35, '0.00'),
(10450, 10, '69.00', 20, '0.20'),
(10450, 54, '17.00', 6, '0.20'),
(10451, 55, '24.00', 120, '0.10'),
(10451, 64, '33.00', 35, '0.10'),
(10451, 65, '76.00', 28, '0.10'),
(10451, 77, '34.00', 55, '0.10'),
(10452, 28, '89.00', 15, '0.00'),
(10452, 44, '105.00', 100, '0.05'),
(10453, 48, '67.00', 15, '0.10'),
(10453, 70, '15.00', 25, '0.10'),
(10454, 16, '70.00', 20, '0.20'),
(10454, 33, '26.00', 20, '0.20'),
(10454, 46, '412.00', 10, '0.20'),
(10455, 39, '10.00', 20, '0.00'),
(10455, 53, '89.00', 50, '0.00'),
(10455, 61, '28.00', 25, '0.00'),
(10455, 71, '22.00', 30, '0.00'),
(10456, 21, '359.00', 40, '0.15'),
(10456, 49, '132.00', 21, '0.15'),
(10457, 59, '55.00', 36, '0.00'),
(10458, 26, '178.00', 30, '0.00'),
(10458, 28, '89.00', 30, '0.00'),
(10458, 43, '46.00', 20, '0.00'),
(10458, 56, '150.00', 15, '0.00'),
(10458, 71, '22.00', 50, '0.00'),
(10459, 7, '129.00', 16, '0.05'),
(10459, 46, '412.00', 20, '0.05'),
(10459, 72, '35.00', 40, '0.00'),
(10460, 68, '498.00', 21, '0.25'),
(10460, 75, '8.00', 4, '0.25'),
(10461, 21, '359.00', 40, '0.25'),
(10461, 30, '179.00', 28, '0.25'),
(10461, 55, '24.00', 60, '0.25'),
(10462, 13, '160.00', 1, '0.00'),
(10462, 23, '30.00', 21, '0.00'),
(10463, 19, '99.00', 21, '0.00'),
(10463, 42, '29.00', 50, '0.00'),
(10464, 4, '217.00', 16, '0.20'),
(10464, 43, '46.00', 3, '0.00'),
(10464, 56, '150.00', 30, '0.20'),
(10464, 60, '34.00', 20, '0.00'),
(10465, 24, '34.00', 25, '0.00'),
(10465, 29, '56.00', 18, '0.10'),
(10465, 40, '918.00', 20, '0.00'),
(10465, 45, '184.00', 30, '0.10'),
(10465, 50, '164.00', 25, '0.00'),
(10466, 11, '21.00', 10, '0.00'),
(10466, 46, '412.00', 5, '0.00'),
(10467, 24, '34.00', 28, '0.00'),
(10467, 25, '259.00', 12, '0.00'),
(10468, 30, '179.00', 8, '0.00'),
(10468, 43, '46.00', 15, '0.00'),
(10469, 2, '53.00', 40, '0.15'),
(10469, 16, '70.00', 35, '0.15'),
(10469, 44, '105.00', 2, '0.15'),
(10470, 18, '62.00', 30, '0.00'),
(10470, 23, '30.00', 15, '0.00'),
(10470, 64, '33.00', 8, '0.00'),
(10471, 7, '129.00', 30, '0.00'),
(10471, 56, '150.00', 20, '0.00'),
(10472, 24, '34.00', 80, '0.05'),
(10472, 51, '98.00', 18, '0.00'),
(10473, 33, '26.00', 12, '0.00'),
(10473, 71, '22.00', 12, '0.00'),
(10474, 14, '232.00', 12, '0.00'),
(10474, 28, '89.00', 18, '0.00'),
(10474, 40, '918.00', 21, '0.00'),
(10474, 75, '8.00', 10, '0.00'),
(10475, 31, '45.00', 35, '0.15'),
(10475, 66, '30.00', 60, '0.15'),
(10475, 76, '18.00', 42, '0.15'),
(10476, 55, '24.00', 2, '0.05'),
(10476, 70, '15.00', 12, '0.00'),
(10477, 1, '46.00', 15, '0.00'),
(10477, 21, '359.00', 21, '0.25'),
(10477, 39, '10.00', 20, '0.25'),
(10478, 10, '69.00', 20, '0.05'),
(10479, 38, '14.00', 30, '0.00'),
(10479, 53, '89.00', 28, '0.00'),
(10479, 59, '55.00', 60, '0.00'),
(10479, 64, '33.00', 30, '0.00'),
(10480, 47, '36.00', 30, '0.00'),
(10480, 59, '55.00', 12, '0.00'),
(10481, 49, '132.00', 24, '0.00'),
(10481, 60, '34.00', 40, '0.00'),
(10482, 40, '918.00', 10, '0.00'),
(10483, 34, '24.00', 35, '0.05'),
(10483, 77, '34.00', 30, '0.05'),
(10484, 21, '359.00', 14, '0.00'),
(10484, 40, '918.00', 10, '0.00'),
(10484, 51, '98.00', 3, '0.00'),
(10485, 2, '53.00', 20, '0.10'),
(10485, 3, '68.00', 20, '0.10'),
(10485, 55, '24.00', 30, '0.10'),
(10485, 70, '15.00', 60, '0.10'),
(10486, 11, '21.00', 5, '0.00'),
(10486, 51, '98.00', 25, '0.00'),
(10486, 74, '109.00', 16, '0.00'),
(10487, 19, '99.00', 5, '0.00'),
(10487, 26, '178.00', 30, '0.00'),
(10487, 54, '17.00', 24, '0.25'),
(10488, 59, '55.00', 30, '0.00'),
(10488, 73, '145.00', 20, '0.20'),
(10489, 11, '21.00', 15, '0.25'),
(10489, 16, '70.00', 18, '0.00'),
(10490, 59, '55.00', 60, '0.00'),
(10490, 68, '498.00', 30, '0.00'),
(10490, 75, '8.00', 36, '0.00'),
(10491, 44, '105.00', 15, '0.15'),
(10491, 77, '34.00', 7, '0.15'),
(10492, 25, '259.00', 60, '0.05'),
(10492, 42, '29.00', 20, '0.05'),
(10493, 65, '76.00', 15, '0.10'),
(10493, 66, '30.00', 10, '0.10'),
(10493, 69, '36.00', 10, '0.10'),
(10494, 56, '150.00', 30, '0.00'),
(10495, 23, '30.00', 10, '0.00'),
(10495, 41, '199.00', 20, '0.00'),
(10495, 77, '34.00', 5, '0.00'),
(10496, 31, '45.00', 20, '0.05'),
(10497, 56, '150.00', 14, '0.00'),
(10497, 72, '35.00', 25, '0.00'),
(10497, 77, '34.00', 25, '0.00'),
(10498, 24, '34.00', 14, '0.00'),
(10498, 40, '918.00', 5, '0.00'),
(10498, 42, '29.00', 30, '0.00'),
(10499, 28, '89.00', 20, '0.00'),
(10499, 49, '132.00', 25, '0.00'),
(10500, 15, '63.00', 12, '0.05'),
(10500, 28, '89.00', 8, '0.05'),
(10501, 54, '17.00', 20, '0.00'),
(10502, 45, '184.00', 21, '0.00'),
(10502, 53, '89.00', 6, '0.00'),
(10502, 67, '14.00', 30, '0.00'),
(10503, 14, '232.00', 70, '0.00'),
(10503, 65, '76.00', 20, '0.00'),
(10504, 2, '53.00', 12, '0.00'),
(10504, 21, '359.00', 12, '0.00'),
(10504, 53, '89.00', 10, '0.00'),
(10504, 61, '28.00', 25, '0.00'),
(10505, 62, '176.00', 3, '0.00'),
(10506, 25, '259.00', 18, '0.10'),
(10506, 70, '15.00', 14, '0.10'),
(10507, 43, '46.00', 15, '0.15'),
(10507, 48, '67.00', 15, '0.15'),
(10508, 13, '160.00', 10, '0.00'),
(10508, 39, '10.00', 10, '0.00'),
(10509, 28, '89.00', 3, '0.00'),
(10510, 29, '56.00', 36, '0.00'),
(10510, 75, '8.00', 36, '0.10'),
(10511, 4, '217.00', 50, '0.15'),
(10511, 7, '129.00', 50, '0.15'),
(10511, 8, '48.00', 10, '0.15'),
(10512, 24, '34.00', 10, '0.15'),
(10512, 46, '412.00', 9, '0.15'),
(10512, 47, '36.00', 6, '0.15'),
(10512, 60, '34.00', 12, '0.15'),
(10513, 21, '359.00', 40, '0.20'),
(10513, 32, '32.00', 50, '0.20'),
(10513, 61, '28.00', 15, '0.20'),
(10514, 20, '145.00', 39, '0.00'),
(10514, 28, '89.00', 35, '0.00'),
(10514, 56, '150.00', 70, '0.00'),
(10514, 65, '76.00', 39, '0.00'),
(10514, 75, '8.00', 50, '0.00'),
(10515, 9, '24.00', 16, '0.15'),
(10515, 16, '70.00', 50, '0.00'),
(10515, 27, '219.00', 120, '0.00'),
(10515, 33, '26.00', 16, '0.15'),
(10515, 60, '34.00', 84, '0.15'),
(10516, 18, '62.00', 25, '0.10'),
(10516, 41, '199.00', 80, '0.10'),
(10516, 42, '29.00', 20, '0.00'),
(10517, 52, '14.00', 6, '0.00'),
(10517, 59, '55.00', 4, '0.00'),
(10517, 70, '15.00', 6, '0.00'),
(10518, 24, '34.00', 5, '0.00'),
(10518, 38, '14.00', 15, '0.00'),
(10518, 44, '105.00', 9, '0.00'),
(10519, 10, '69.00', 16, '0.05'),
(10519, 56, '150.00', 40, '0.00'),
(10519, 60, '34.00', 10, '0.05'),
(10520, 24, '34.00', 8, '0.00'),
(10520, 53, '89.00', 5, '0.00'),
(10521, 35, '18.00', 3, '0.00'),
(10521, 41, '199.00', 10, '0.00'),
(10521, 68, '498.00', 6, '0.00'),
(10522, 1, '46.00', 40, '0.20'),
(10522, 8, '48.00', 24, '0.00'),
(10522, 30, '179.00', 20, '0.20'),
(10522, 40, '918.00', 25, '0.20'),
(10523, 17, '39.00', 25, '0.10'),
(10523, 20, '145.00', 15, '0.10'),
(10523, 37, '626.00', 18, '0.10'),
(10523, 41, '199.00', 6, '0.10'),
(10524, 10, '69.00', 2, '0.00'),
(10524, 30, '179.00', 10, '0.00'),
(10524, 43, '46.00', 60, '0.00'),
(10524, 54, '17.00', 15, '0.00'),
(10525, 36, '519.00', 30, '0.00'),
(10525, 40, '918.00', 15, '0.10'),
(10526, 1, '46.00', 8, '0.15'),
(10526, 13, '160.00', 10, '0.00'),
(10526, 56, '150.00', 30, '0.15'),
(10527, 4, '217.00', 50, '0.10'),
(10527, 36, '519.00', 30, '0.10'),
(10528, 11, '21.00', 3, '0.00'),
(10528, 33, '26.00', 8, '0.20'),
(10528, 72, '35.00', 9, '0.00'),
(10529, 55, '24.00', 14, '0.00'),
(10529, 68, '498.00', 20, '0.00'),
(10529, 69, '36.00', 10, '0.00'),
(10530, 17, '39.00', 40, '0.00'),
(10530, 43, '46.00', 25, '0.00'),
(10530, 61, '28.00', 20, '0.00'),
(10530, 76, '18.00', 50, '0.00'),
(10531, 59, '55.00', 2, '0.00'),
(10532, 30, '179.00', 15, '0.00'),
(10532, 66, '30.00', 24, '0.00'),
(10533, 4, '217.00', 50, '0.05'),
(10533, 72, '35.00', 24, '0.00'),
(10533, 73, '145.00', 24, '0.05'),
(10534, 30, '179.00', 10, '0.00'),
(10534, 40, '918.00', 10, '0.20'),
(10534, 54, '17.00', 10, '0.20'),
(10535, 11, '21.00', 50, '0.10'),
(10535, 40, '918.00', 10, '0.10'),
(10535, 57, '61.00', 5, '0.10'),
(10535, 59, '55.00', 15, '0.10'),
(10536, 12, '38.00', 15, '0.25'),
(10536, 31, '45.00', 20, '0.00'),
(10536, 33, '26.00', 30, '0.00'),
(10536, 60, '34.00', 35, '0.25'),
(10537, 31, '45.00', 30, '0.00'),
(10537, 51, '98.00', 6, '0.00'),
(10537, 58, '159.00', 20, '0.00'),
(10537, 72, '35.00', 21, '0.00'),
(10537, 73, '145.00', 9, '0.00'),
(10538, 70, '15.00', 7, '0.00'),
(10538, 72, '35.00', 1, '0.00'),
(10539, 13, '160.00', 8, '0.00'),
(10539, 21, '359.00', 15, '0.00'),
(10539, 33, '26.00', 15, '0.00'),
(10539, 49, '132.00', 6, '0.00'),
(10540, 3, '68.00', 60, '0.00'),
(10540, 26, '178.00', 40, '0.00'),
(10540, 38, '14.00', 30, '0.00'),
(10540, 68, '498.00', 35, '0.00'),
(10541, 24, '34.00', 35, '0.10'),
(10541, 38, '14.00', 4, '0.10'),
(10541, 65, '76.00', 36, '0.10'),
(10541, 71, '22.00', 9, '0.10'),
(10542, 11, '21.00', 15, '0.05'),
(10542, 54, '17.00', 24, '0.05'),
(10543, 12, '38.00', 30, '0.15'),
(10543, 23, '30.00', 70, '0.15'),
(10544, 28, '89.00', 7, '0.00'),
(10544, 67, '14.00', 7, '0.00'),
(10545, 11, '21.00', 10, '0.00'),
(10546, 7, '129.00', 10, '0.00'),
(10546, 35, '18.00', 30, '0.00'),
(10546, 62, '176.00', 40, '0.00'),
(10547, 32, '32.00', 24, '0.15'),
(10547, 36, '519.00', 60, '0.00'),
(10548, 34, '24.00', 10, '0.25'),
(10548, 41, '199.00', 14, '0.00'),
(10549, 31, '45.00', 55, '0.15'),
(10549, 45, '184.00', 100, '0.15'),
(10549, 51, '98.00', 48, '0.15'),
(10550, 17, '39.00', 8, '0.10'),
(10550, 19, '99.00', 10, '0.00'),
(10550, 21, '359.00', 6, '0.10'),
(10550, 61, '28.00', 10, '0.10'),
(10551, 16, '70.00', 40, '0.15'),
(10551, 35, '18.00', 20, '0.15'),
(10551, 44, '105.00', 40, '0.00'),
(10552, 69, '36.00', 18, '0.00'),
(10552, 75, '8.00', 30, '0.00'),
(10553, 11, '21.00', 15, '0.00'),
(10553, 16, '70.00', 14, '0.00'),
(10553, 22, '21.00', 24, '0.00'),
(10553, 31, '45.00', 30, '0.00'),
(10553, 35, '18.00', 6, '0.00'),
(10554, 16, '70.00', 30, '0.05'),
(10554, 23, '30.00', 20, '0.05'),
(10554, 62, '176.00', 20, '0.05'),
(10554, 77, '34.00', 10, '0.05'),
(10555, 14, '232.00', 30, '0.20'),
(10555, 19, '99.00', 35, '0.20'),
(10555, 24, '34.00', 18, '0.20'),
(10555, 51, '98.00', 20, '0.20'),
(10555, 56, '150.00', 40, '0.20'),
(10556, 72, '35.00', 24, '0.00'),
(10557, 64, '33.00', 30, '0.00'),
(10557, 75, '8.00', 20, '0.00'),
(10558, 47, '36.00', 25, '0.00'),
(10558, 51, '98.00', 20, '0.00'),
(10558, 52, '14.00', 30, '0.00'),
(10558, 53, '89.00', 18, '0.00'),
(10558, 73, '145.00', 3, '0.00'),
(10559, 41, '199.00', 12, '0.05'),
(10559, 55, '24.00', 18, '0.05'),
(10560, 30, '179.00', 20, '0.00'),
(10560, 62, '176.00', 15, '0.25'),
(10561, 44, '105.00', 10, '0.00'),
(10561, 51, '98.00', 50, '0.00'),
(10562, 33, '26.00', 20, '0.10'),
(10562, 62, '176.00', 10, '0.10'),
(10563, 36, '519.00', 25, '0.00'),
(10563, 52, '14.00', 70, '0.00'),
(10564, 17, '39.00', 16, '0.05'),
(10564, 31, '45.00', 6, '0.05'),
(10564, 55, '24.00', 25, '0.05'),
(10565, 24, '34.00', 25, '0.10'),
(10565, 64, '33.00', 18, '0.10'),
(10566, 11, '21.00', 35, '0.15'),
(10566, 18, '62.00', 18, '0.15'),
(10566, 76, '18.00', 10, '0.00'),
(10567, 31, '45.00', 60, '0.20'),
(10567, 51, '98.00', 3, '0.00'),
(10567, 59, '55.00', 40, '0.20'),
(10568, 10, '69.00', 5, '0.00'),
(10569, 31, '45.00', 35, '0.20'),
(10569, 76, '18.00', 30, '0.00'),
(10570, 11, '21.00', 15, '0.05'),
(10570, 56, '150.00', 60, '0.05'),
(10571, 14, '232.00', 11, '0.15'),
(10571, 42, '29.00', 28, '0.15'),
(10572, 16, '70.00', 12, '0.10'),
(10572, 32, '32.00', 10, '0.10'),
(10572, 40, '918.00', 50, '0.00'),
(10572, 75, '8.00', 15, '0.10'),
(10573, 17, '39.00', 18, '0.00'),
(10573, 34, '24.00', 40, '0.00'),
(10573, 53, '89.00', 25, '0.00'),
(10574, 33, '26.00', 14, '0.00'),
(10574, 40, '918.00', 2, '0.00'),
(10574, 62, '176.00', 10, '0.00'),
(10574, 64, '33.00', 6, '0.00'),
(10575, 59, '55.00', 12, '0.00'),
(10575, 63, '58.00', 6, '0.00'),
(10575, 72, '35.00', 30, '0.00'),
(10575, 76, '18.00', 10, '0.00'),
(10576, 1, '46.00', 10, '0.00'),
(10576, 31, '45.00', 20, '0.00'),
(10576, 44, '105.00', 21, '0.00'),
(10577, 39, '10.00', 10, '0.00'),
(10577, 75, '8.00', 20, '0.00'),
(10577, 77, '34.00', 18, '0.00'),
(10578, 35, '18.00', 20, '0.00'),
(10578, 57, '61.00', 6, '0.00'),
(10579, 15, '63.00', 10, '0.00'),
(10579, 75, '8.00', 21, '0.00'),
(10580, 14, '232.00', 15, '0.05'),
(10580, 41, '199.00', 9, '0.05'),
(10580, 65, '76.00', 30, '0.05'),
(10581, 75, '8.00', 50, '0.20'),
(10582, 57, '61.00', 4, '0.00'),
(10582, 76, '18.00', 14, '0.00'),
(10583, 29, '56.00', 10, '0.00'),
(10583, 60, '34.00', 24, '0.15'),
(10583, 69, '36.00', 10, '0.15'),
(10584, 31, '45.00', 50, '0.05'),
(10585, 47, '36.00', 15, '0.00'),
(10586, 52, '14.00', 4, '0.15'),
(10587, 26, '178.00', 6, '0.00'),
(10587, 35, '18.00', 20, '0.00'),
(10587, 77, '34.00', 20, '0.00'),
(10588, 18, '62.00', 40, '0.20'),
(10588, 42, '29.00', 100, '0.20'),
(10589, 35, '18.00', 4, '0.00'),
(10590, 1, '46.00', 20, '0.00'),
(10590, 77, '34.00', 60, '0.05'),
(10591, 3, '68.00', 14, '0.00'),
(10591, 7, '129.00', 10, '0.00'),
(10591, 54, '17.00', 50, '0.00'),
(10592, 15, '63.00', 25, '0.05'),
(10592, 26, '178.00', 5, '0.05'),
(10593, 20, '145.00', 21, '0.20'),
(10593, 69, '36.00', 20, '0.20'),
(10593, 76, '18.00', 4, '0.20'),
(10594, 52, '14.00', 24, '0.00'),
(10594, 58, '159.00', 30, '0.00'),
(10595, 35, '18.00', 30, '0.25'),
(10595, 61, '28.00', 120, '0.25'),
(10595, 69, '36.00', 65, '0.25'),
(10596, 56, '150.00', 5, '0.20'),
(10596, 63, '58.00', 24, '0.20'),
(10596, 75, '8.00', 30, '0.20'),
(10597, 24, '34.00', 35, '0.20'),
(10597, 57, '61.00', 20, '0.00'),
(10597, 65, '76.00', 12, '0.20'),
(10598, 27, '219.00', 50, '0.00'),
(10598, 71, '22.00', 9, '0.00'),
(10599, 62, '176.00', 10, '0.00'),
(10600, 54, '17.00', 4, '0.00'),
(10600, 73, '145.00', 30, '0.00'),
(10601, 13, '160.00', 60, '0.00'),
(10601, 59, '55.00', 35, '0.00'),
(10602, 77, '34.00', 5, '0.25'),
(10603, 22, '21.00', 48, '0.00'),
(10603, 49, '132.00', 25, '0.05'),
(10604, 48, '67.00', 6, '0.10'),
(10604, 76, '18.00', 10, '0.10'),
(10605, 16, '70.00', 30, '0.05'),
(10605, 59, '55.00', 20, '0.05'),
(10605, 60, '34.00', 70, '0.05'),
(10605, 71, '22.00', 15, '0.05'),
(10606, 4, '217.00', 20, '0.20'),
(10606, 55, '24.00', 20, '0.20'),
(10606, 62, '176.00', 10, '0.20'),
(10607, 7, '129.00', 45, '0.00'),
(10607, 17, '39.00', 100, '0.00'),
(10607, 33, '26.00', 14, '0.00'),
(10607, 40, '918.00', 42, '0.00'),
(10607, 72, '35.00', 12, '0.00'),
(10608, 56, '150.00', 28, '0.00'),
(10609, 1, '46.00', 3, '0.00'),
(10609, 10, '69.00', 10, '0.00'),
(10609, 21, '359.00', 6, '0.00'),
(10610, 36, '519.00', 21, '0.25'),
(10611, 1, '46.00', 6, '0.00'),
(10611, 2, '53.00', 10, '0.00'),
(10611, 60, '34.00', 15, '0.00'),
(10612, 10, '69.00', 70, '0.00'),
(10612, 36, '519.00', 55, '0.00'),
(10612, 49, '132.00', 18, '0.00'),
(10612, 60, '34.00', 40, '0.00'),
(10612, 76, '18.00', 80, '0.00'),
(10613, 13, '160.00', 8, '0.10'),
(10613, 75, '8.00', 40, '0.00'),
(10614, 11, '21.00', 14, '0.00'),
(10614, 21, '359.00', 8, '0.00'),
(10614, 39, '10.00', 5, '0.00'),
(10615, 55, '24.00', 5, '0.00'),
(10616, 38, '14.00', 15, '0.05'),
(10616, 56, '150.00', 14, '0.00'),
(10616, 70, '15.00', 15, '0.05'),
(10616, 71, '22.00', 15, '0.05'),
(10617, 59, '55.00', 30, '0.15'),
(10618, 6, '257.00', 70, '0.00'),
(10618, 56, '150.00', 20, '0.00'),
(10618, 68, '498.00', 15, '0.00'),
(10619, 21, '359.00', 42, '0.00'),
(10619, 22, '21.00', 40, '0.00'),
(10620, 24, '34.00', 5, '0.00'),
(10620, 52, '14.00', 5, '0.00'),
(10621, 19, '99.00', 5, '0.00'),
(10621, 23, '30.00', 10, '0.00'),
(10621, 70, '15.00', 20, '0.00'),
(10621, 71, '22.00', 15, '0.00'),
(10622, 2, '53.00', 20, '0.00'),
(10622, 68, '498.00', 18, '0.20'),
(10623, 14, '232.00', 21, '0.00'),
(10623, 19, '99.00', 15, '0.10'),
(10623, 21, '359.00', 25, '0.10'),
(10623, 24, '34.00', 3, '0.00'),
(10623, 35, '18.00', 30, '0.10'),
(10624, 28, '89.00', 10, '0.00'),
(10624, 29, '56.00', 6, '0.00'),
(10624, 44, '105.00', 10, '0.00'),
(10625, 14, '232.00', 3, '0.00'),
(10625, 42, '29.00', 5, '0.00'),
(10625, 60, '34.00', 10, '0.00'),
(10626, 53, '89.00', 12, '0.00'),
(10626, 60, '34.00', 20, '0.00'),
(10626, 71, '22.00', 20, '0.00'),
(10627, 62, '176.00', 15, '0.00'),
(10627, 73, '145.00', 35, '0.15'),
(10628, 1, '46.00', 25, '0.00'),
(10629, 29, '56.00', 20, '0.00'),
(10629, 64, '33.00', 9, '0.00'),
(10630, 55, '24.00', 12, '0.05'),
(10630, 76, '18.00', 35, '0.00'),
(10631, 75, '8.00', 8, '0.10'),
(10632, 2, '53.00', 30, '0.05'),
(10632, 33, '26.00', 20, '0.05'),
(10633, 12, '38.00', 36, '0.15'),
(10633, 13, '160.00', 13, '0.15'),
(10633, 26, '178.00', 35, '0.15'),
(10633, 62, '176.00', 80, '0.15'),
(10634, 7, '129.00', 35, '0.00'),
(10634, 18, '62.00', 50, '0.00'),
(10634, 51, '98.00', 15, '0.00'),
(10634, 75, '8.00', 2, '0.00'),
(10635, 4, '217.00', 10, '0.10'),
(10635, 5, '38.00', 15, '0.10'),
(10635, 22, '21.00', 40, '0.00'),
(10636, 4, '217.00', 25, '0.00'),
(10636, 58, '159.00', 6, '0.00'),
(10637, 11, '21.00', 10, '0.00'),
(10637, 50, '164.00', 25, '0.05'),
(10637, 56, '150.00', 60, '0.05'),
(10638, 45, '184.00', 20, '0.00'),
(10638, 65, '76.00', 21, '0.00'),
(10638, 72, '35.00', 60, '0.00'),
(10639, 18, '62.00', 8, '0.00'),
(10640, 69, '36.00', 20, '0.25'),
(10640, 70, '15.00', 15, '0.25'),
(10641, 2, '53.00', 50, '0.00'),
(10641, 40, '918.00', 60, '0.00'),
(10642, 21, '359.00', 30, '0.20'),
(10642, 61, '28.00', 20, '0.20'),
(10643, 28, '89.00', 15, '0.25'),
(10643, 39, '10.00', 21, '0.25'),
(10643, 46, '412.00', 2, '0.25'),
(10644, 18, '62.00', 4, '0.10'),
(10644, 43, '46.00', 20, '0.00'),
(10644, 46, '412.00', 21, '0.10'),
(10645, 18, '62.00', 20, '0.00'),
(10645, 36, '519.00', 15, '0.00'),
(10646, 1, '46.00', 15, '0.25'),
(10646, 10, '69.00', 18, '0.25'),
(10646, 71, '22.00', 30, '0.25'),
(10646, 77, '34.00', 35, '0.25'),
(10647, 19, '99.00', 30, '0.00'),
(10647, 39, '10.00', 20, '0.00'),
(10648, 22, '21.00', 15, '0.00'),
(10648, 24, '34.00', 15, '0.15'),
(10649, 28, '89.00', 20, '0.00'),
(10649, 72, '35.00', 15, '0.00'),
(10650, 30, '179.00', 30, '0.00'),
(10650, 53, '89.00', 25, '0.05'),
(10650, 54, '17.00', 30, '0.00'),
(10651, 19, '99.00', 12, '0.25'),
(10651, 22, '21.00', 20, '0.25'),
(10652, 30, '179.00', 2, '0.25'),
(10652, 42, '29.00', 20, '0.00'),
(10653, 16, '70.00', 30, '0.10'),
(10653, 60, '34.00', 20, '0.10'),
(10654, 4, '217.00', 12, '0.10'),
(10654, 39, '10.00', 20, '0.10'),
(10654, 54, '17.00', 6, '0.10'),
(10655, 41, '199.00', 20, '0.20'),
(10656, 14, '232.00', 3, '0.10'),
(10656, 44, '105.00', 28, '0.10'),
(10656, 47, '36.00', 6, '0.10'),
(10657, 15, '63.00', 50, '0.00'),
(10657, 41, '199.00', 24, '0.00'),
(10657, 46, '412.00', 45, '0.00'),
(10657, 47, '36.00', 10, '0.00'),
(10657, 56, '150.00', 45, '0.00'),
(10657, 60, '34.00', 30, '0.00'),
(10658, 21, '359.00', 60, '0.00'),
(10658, 40, '918.00', 70, '0.05'),
(10658, 60, '34.00', 55, '0.05'),
(10658, 77, '34.00', 70, '0.05'),
(10659, 31, '45.00', 20, '0.05'),
(10659, 40, '918.00', 24, '0.05'),
(10659, 70, '15.00', 40, '0.05'),
(10660, 20, '145.00', 21, '0.00'),
(10661, 39, '10.00', 3, '0.20'),
(10661, 58, '159.00', 49, '0.20'),
(10662, 68, '498.00', 10, '0.00'),
(10663, 40, '918.00', 30, '0.05'),
(10663, 42, '29.00', 30, '0.05'),
(10663, 51, '98.00', 20, '0.05'),
(10664, 10, '69.00', 24, '0.15'),
(10664, 56, '150.00', 12, '0.15'),
(10664, 65, '76.00', 15, '0.15'),
(10665, 51, '98.00', 20, '0.00'),
(10665, 59, '55.00', 1, '0.00'),
(10665, 76, '18.00', 10, '0.00'),
(10666, 29, '56.00', 36, '0.00'),
(10666, 65, '76.00', 10, '0.00'),
(10667, 69, '36.00', 45, '0.20'),
(10667, 71, '22.00', 14, '0.20'),
(10668, 31, '45.00', 8, '0.10'),
(10668, 55, '24.00', 4, '0.10'),
(10668, 64, '33.00', 15, '0.10'),
(10669, 36, '519.00', 30, '0.00'),
(10670, 23, '30.00', 32, '0.00'),
(10670, 46, '412.00', 60, '0.00'),
(10670, 67, '14.00', 25, '0.00'),
(10670, 73, '145.00', 50, '0.00'),
(10670, 75, '8.00', 25, '0.00'),
(10671, 16, '70.00', 10, '0.00'),
(10671, 62, '176.00', 10, '0.00'),
(10671, 65, '76.00', 12, '0.00'),
(10672, 38, '14.00', 15, '0.10'),
(10672, 71, '22.00', 12, '0.00'),
(10673, 16, '70.00', 3, '0.00'),
(10673, 42, '29.00', 6, '0.00'),
(10673, 43, '46.00', 6, '0.00'),
(10674, 23, '30.00', 5, '0.00'),
(10675, 14, '232.00', 30, '0.00'),
(10675, 53, '89.00', 10, '0.00'),
(10675, 58, '159.00', 30, '0.00'),
(10676, 10, '69.00', 2, '0.00'),
(10676, 19, '99.00', 7, '0.00'),
(10676, 44, '105.00', 21, '0.00'),
(10677, 26, '178.00', 30, '0.15'),
(10677, 33, '26.00', 8, '0.15'),
(10678, 12, '38.00', 100, '0.00'),
(10678, 33, '26.00', 30, '0.00'),
(10678, 41, '199.00', 120, '0.00'),
(10678, 54, '17.00', 30, '0.00'),
(10679, 59, '55.00', 12, '0.00'),
(10680, 16, '70.00', 50, '0.25'),
(10680, 31, '45.00', 20, '0.25'),
(10680, 42, '29.00', 40, '0.25'),
(10681, 19, '99.00', 30, '0.10'),
(10681, 21, '359.00', 12, '0.10'),
(10681, 64, '33.00', 28, '0.00'),
(10682, 33, '26.00', 30, '0.00'),
(10682, 66, '30.00', 4, '0.00'),
(10682, 75, '8.00', 30, '0.00'),
(10683, 52, '14.00', 9, '0.00'),
(10684, 40, '918.00', 20, '0.00'),
(10684, 47, '36.00', 40, '0.00'),
(10684, 60, '34.00', 30, '0.00'),
(10685, 10, '69.00', 20, '0.00'),
(10685, 41, '199.00', 4, '0.00'),
(10685, 47, '36.00', 15, '0.00'),
(10686, 17, '39.00', 30, '0.20'),
(10686, 26, '178.00', 15, '0.00'),
(10687, 9, '24.00', 50, '0.25'),
(10687, 29, '56.00', 10, '0.00'),
(10687, 36, '519.00', 6, '0.25'),
(10688, 10, '69.00', 18, '0.10'),
(10688, 28, '89.00', 60, '0.10'),
(10688, 34, '24.00', 14, '0.00'),
(10689, 1, '46.00', 35, '0.25'),
(10690, 56, '150.00', 20, '0.25'),
(10690, 77, '34.00', 30, '0.25'),
(10691, 1, '46.00', 30, '0.00'),
(10691, 29, '56.00', 40, '0.00'),
(10691, 43, '46.00', 40, '0.00'),
(10691, 44, '105.00', 24, '0.00'),
(10691, 62, '176.00', 48, '0.00'),
(10692, 63, '58.00', 20, '0.00'),
(10693, 9, '24.00', 6, '0.00'),
(10693, 54, '17.00', 60, '0.15'),
(10693, 69, '36.00', 30, '0.15'),
(10693, 73, '145.00', 15, '0.15'),
(10694, 7, '129.00', 90, '0.00'),
(10694, 59, '55.00', 25, '0.00'),
(10694, 70, '15.00', 50, '0.00'),
(10695, 8, '48.00', 10, '0.00'),
(10695, 12, '38.00', 4, '0.00'),
(10695, 24, '34.00', 20, '0.00'),
(10696, 17, '39.00', 20, '0.00'),
(10696, 46, '412.00', 18, '0.00'),
(10697, 19, '99.00', 7, '0.25'),
(10697, 35, '18.00', 9, '0.25'),
(10697, 58, '159.00', 30, '0.25'),
(10697, 70, '15.00', 30, '0.25'),
(10698, 11, '21.00', 15, '0.00'),
(10698, 17, '39.00', 8, '0.05'),
(10698, 29, '56.00', 12, '0.05'),
(10698, 65, '76.00', 65, '0.05'),
(10698, 70, '15.00', 8, '0.05'),
(10699, 47, '36.00', 12, '0.00'),
(10700, 1, '46.00', 5, '0.20'),
(10700, 34, '24.00', 12, '0.20'),
(10700, 68, '498.00', 40, '0.20'),
(10700, 71, '22.00', 60, '0.20'),
(10701, 59, '55.00', 42, '0.15'),
(10701, 71, '22.00', 20, '0.15'),
(10701, 76, '18.00', 35, '0.15'),
(10702, 3, '68.00', 6, '0.00'),
(10702, 76, '18.00', 15, '0.00'),
(10703, 2, '53.00', 5, '0.00'),
(10703, 59, '55.00', 35, '0.00'),
(10703, 73, '145.00', 35, '0.00'),
(10704, 4, '217.00', 6, '0.00'),
(10704, 24, '34.00', 35, '0.00'),
(10704, 48, '67.00', 24, '0.00'),
(10705, 31, '45.00', 20, '0.00'),
(10705, 32, '32.00', 4, '0.00'),
(10706, 16, '70.00', 20, '0.00'),
(10706, 43, '46.00', 24, '0.00'),
(10706, 59, '55.00', 8, '0.00'),
(10707, 55, '24.00', 21, '0.00'),
(10707, 57, '61.00', 40, '0.00'),
(10707, 70, '15.00', 28, '0.15'),
(10708, 5, '38.00', 4, '0.00'),
(10708, 36, '519.00', 5, '0.00'),
(10709, 8, '48.00', 40, '0.00'),
(10709, 51, '98.00', 28, '0.00'),
(10709, 60, '34.00', 10, '0.00'),
(10710, 19, '99.00', 5, '0.00'),
(10710, 47, '36.00', 5, '0.00'),
(10711, 19, '99.00', 12, '0.00'),
(10711, 41, '199.00', 42, '0.00'),
(10711, 53, '89.00', 120, '0.00'),
(10712, 53, '89.00', 3, '0.05'),
(10712, 56, '150.00', 30, '0.00'),
(10713, 10, '69.00', 18, '0.00'),
(10713, 26, '178.00', 30, '0.00'),
(10713, 45, '184.00', 110, '0.00'),
(10713, 46, '412.00', 24, '0.00'),
(10714, 2, '53.00', 30, '0.25'),
(10714, 17, '39.00', 27, '0.25'),
(10714, 47, '36.00', 50, '0.25'),
(10714, 56, '150.00', 18, '0.25'),
(10714, 58, '159.00', 12, '0.25'),
(10715, 10, '69.00', 21, '0.00'),
(10715, 71, '22.00', 30, '0.00'),
(10716, 21, '359.00', 5, '0.00'),
(10716, 51, '98.00', 7, '0.00'),
(10716, 61, '28.00', 10, '0.00'),
(10717, 21, '359.00', 32, '0.05'),
(10717, 54, '17.00', 15, '0.00'),
(10717, 69, '36.00', 25, '0.05'),
(10718, 12, '38.00', 36, '0.00'),
(10718, 16, '70.00', 20, '0.00'),
(10718, 36, '519.00', 40, '0.00'),
(10718, 62, '176.00', 20, '0.00'),
(10719, 18, '62.00', 12, '0.25'),
(10719, 30, '179.00', 3, '0.25'),
(10719, 54, '17.00', 40, '0.25'),
(10720, 35, '18.00', 21, '0.00'),
(10720, 71, '22.00', 8, '0.00'),
(10721, 44, '105.00', 50, '0.05'),
(10722, 2, '53.00', 3, '0.00'),
(10722, 31, '45.00', 50, '0.00'),
(10722, 68, '498.00', 45, '0.00'),
(10722, 75, '8.00', 42, '0.00'),
(10723, 26, '178.00', 15, '0.00'),
(10724, 10, '69.00', 16, '0.00'),
(10724, 61, '28.00', 5, '0.00'),
(10725, 41, '199.00', 12, '0.00'),
(10725, 52, '14.00', 4, '0.00'),
(10725, 55, '24.00', 6, '0.00'),
(10726, 4, '217.00', 25, '0.00'),
(10726, 11, '21.00', 5, '0.00'),
(10727, 17, '39.00', 20, '0.05'),
(10727, 56, '150.00', 10, '0.05'),
(10727, 59, '55.00', 10, '0.05'),
(10728, 30, '179.00', 15, '0.00'),
(10728, 40, '918.00', 6, '0.00'),
(10728, 55, '24.00', 12, '0.00'),
(10728, 60, '34.00', 15, '0.00'),
(10729, 1, '46.00', 50, '0.00'),
(10729, 21, '359.00', 30, '0.00'),
(10729, 50, '164.00', 40, '0.00'),
(10730, 16, '70.00', 15, '0.05'),
(10730, 31, '45.00', 3, '0.05'),
(10730, 65, '76.00', 10, '0.05'),
(10731, 21, '359.00', 40, '0.05'),
(10731, 51, '98.00', 30, '0.05'),
(10732, 76, '18.00', 20, '0.00'),
(10733, 14, '232.00', 16, '0.00'),
(10733, 28, '89.00', 20, '0.00'),
(10733, 52, '14.00', 25, '0.00'),
(10734, 6, '257.00', 30, '0.00'),
(10734, 30, '179.00', 15, '0.00'),
(10734, 76, '18.00', 20, '0.00'),
(10735, 61, '28.00', 20, '0.10'),
(10735, 77, '34.00', 2, '0.10'),
(10736, 65, '76.00', 40, '0.00'),
(10736, 75, '8.00', 20, '0.00'),
(10737, 13, '160.00', 4, '0.00'),
(10737, 41, '199.00', 12, '0.00'),
(10738, 16, '70.00', 3, '0.00'),
(10739, 36, '519.00', 6, '0.00'),
(10739, 52, '14.00', 18, '0.00'),
(10740, 28, '89.00', 5, '0.20'),
(10740, 35, '18.00', 35, '0.20'),
(10740, 45, '184.00', 40, '0.20'),
(10740, 56, '150.00', 14, '0.20'),
(10741, 2, '53.00', 15, '0.20'),
(10742, 3, '68.00', 20, '0.00'),
(10742, 60, '34.00', 50, '0.00'),
(10742, 72, '35.00', 35, '0.00'),
(10743, 46, '412.00', 28, '0.05'),
(10744, 40, '918.00', 50, '0.20'),
(10745, 18, '62.00', 24, '0.00'),
(10745, 44, '105.00', 16, '0.00'),
(10745, 59, '55.00', 45, '0.00'),
(10745, 72, '35.00', 7, '0.00'),
(10746, 13, '160.00', 6, '0.00'),
(10746, 42, '29.00', 28, '0.00'),
(10746, 62, '176.00', 9, '0.00'),
(10746, 69, '36.00', 40, '0.00'),
(10747, 31, '45.00', 8, '0.00'),
(10747, 41, '199.00', 35, '0.00'),
(10747, 63, '58.00', 9, '0.00'),
(10747, 69, '36.00', 30, '0.00'),
(10748, 23, '30.00', 44, '0.00'),
(10748, 40, '918.00', 40, '0.00'),
(10748, 56, '150.00', 28, '0.00'),
(10749, 56, '150.00', 15, '0.00'),
(10749, 59, '55.00', 6, '0.00'),
(10749, 76, '18.00', 10, '0.00'),
(10750, 14, '232.00', 5, '0.15'),
(10750, 45, '184.00', 40, '0.15'),
(10750, 59, '55.00', 25, '0.15'),
(10751, 26, '178.00', 12, '0.10'),
(10751, 30, '179.00', 30, '0.00'),
(10751, 50, '164.00', 20, '0.10'),
(10751, 73, '145.00', 15, '0.00'),
(10752, 1, '46.00', 8, '0.00'),
(10752, 69, '36.00', 3, '0.00'),
(10753, 45, '184.00', 4, '0.00'),
(10753, 74, '109.00', 5, '0.00'),
(10754, 40, '918.00', 3, '0.00'),
(10755, 47, '36.00', 30, '0.25'),
(10755, 56, '150.00', 30, '0.25'),
(10755, 57, '61.00', 14, '0.25'),
(10755, 69, '36.00', 25, '0.25'),
(10756, 18, '62.00', 21, '0.20'),
(10756, 36, '519.00', 20, '0.20'),
(10756, 68, '498.00', 6, '0.20'),
(10756, 69, '36.00', 20, '0.20'),
(10757, 34, '24.00', 30, '0.00'),
(10757, 59, '55.00', 7, '0.00'),
(10757, 62, '176.00', 30, '0.00'),
(10757, 64, '33.00', 24, '0.00'),
(10758, 26, '178.00', 20, '0.00'),
(10758, 52, '14.00', 60, '0.00'),
(10758, 70, '15.00', 40, '0.00'),
(10759, 32, '32.00', 10, '0.00'),
(10760, 25, '259.00', 12, '0.25'),
(10760, 27, '219.00', 40, '0.00'),
(10760, 43, '46.00', 30, '0.25'),
(10761, 25, '259.00', 35, '0.25'),
(10761, 75, '8.00', 18, '0.00'),
(10762, 39, '10.00', 16, '0.00'),
(10762, 47, '36.00', 30, '0.00'),
(10762, 51, '98.00', 28, '0.00'),
(10762, 56, '150.00', 60, '0.00'),
(10763, 21, '359.00', 40, '0.00'),
(10763, 22, '21.00', 6, '0.00'),
(10763, 24, '34.00', 20, '0.00'),
(10764, 3, '68.00', 20, '0.10'),
(10764, 39, '10.00', 130, '0.10'),
(10765, 65, '76.00', 80, '0.10'),
(10766, 2, '53.00', 40, '0.00'),
(10766, 7, '129.00', 35, '0.00'),
(10766, 68, '498.00', 40, '0.00'),
(10767, 42, '29.00', 2, '0.00'),
(10768, 22, '21.00', 4, '0.00'),
(10768, 31, '45.00', 50, '0.00'),
(10768, 60, '34.00', 15, '0.00'),
(10768, 71, '22.00', 12, '0.00'),
(10769, 41, '199.00', 30, '0.05'),
(10769, 52, '14.00', 15, '0.05'),
(10769, 61, '28.00', 20, '0.00'),
(10769, 62, '176.00', 15, '0.00'),
(10770, 11, '21.00', 15, '0.25'),
(10771, 71, '22.00', 16, '0.00'),
(10772, 29, '56.00', 18, '0.00'),
(10772, 59, '55.00', 25, '0.00'),
(10773, 17, '39.00', 33, '0.00'),
(10773, 31, '45.00', 70, '0.20'),
(10773, 75, '8.00', 7, '0.20'),
(10774, 31, '45.00', 2, '0.25'),
(10774, 66, '30.00', 50, '0.00'),
(10775, 10, '69.00', 6, '0.00'),
(10775, 67, '14.00', 3, '0.00'),
(10776, 31, '45.00', 16, '0.05'),
(10776, 42, '29.00', 12, '0.05'),
(10776, 45, '184.00', 27, '0.05'),
(10776, 51, '98.00', 120, '0.05'),
(10777, 42, '29.00', 20, '0.20'),
(10778, 41, '199.00', 10, '0.00'),
(10779, 16, '70.00', 20, '0.00'),
(10779, 62, '176.00', 20, '0.00'),
(10780, 70, '15.00', 35, '0.00'),
(10780, 77, '34.00', 15, '0.00'),
(10781, 54, '17.00', 3, '0.20'),
(10781, 56, '150.00', 20, '0.20'),
(10781, 74, '109.00', 35, '0.00'),
(10782, 31, '45.00', 1, '0.00'),
(10783, 31, '45.00', 10, '0.00'),
(10783, 38, '14.00', 5, '0.00'),
(10784, 36, '519.00', 30, '0.00'),
(10784, 39, '10.00', 2, '0.15'),
(10784, 72, '35.00', 30, '0.15'),
(10785, 10, '69.00', 10, '0.00'),
(10785, 75, '8.00', 10, '0.00'),
(10786, 8, '48.00', 30, '0.20'),
(10786, 30, '179.00', 15, '0.20'),
(10786, 75, '8.00', 42, '0.20'),
(10787, 2, '53.00', 15, '0.05'),
(10787, 29, '56.00', 20, '0.05'),
(10788, 19, '99.00', 50, '0.05'),
(10788, 75, '8.00', 40, '0.05'),
(10789, 18, '62.00', 30, '0.00'),
(10789, 35, '18.00', 15, '0.00'),
(10789, 63, '58.00', 30, '0.00'),
(10789, 68, '498.00', 18, '0.00'),
(10790, 7, '129.00', 3, '0.15'),
(10790, 56, '150.00', 20, '0.15'),
(10791, 29, '56.00', 14, '0.05'),
(10791, 41, '199.00', 20, '0.05'),
(10792, 2, '53.00', 10, '0.00'),
(10792, 54, '17.00', 3, '0.00'),
(10792, 68, '498.00', 15, '0.00'),
(10793, 41, '199.00', 14, '0.00'),
(10793, 52, '14.00', 8, '0.00'),
(10794, 14, '232.00', 15, '0.20'),
(10794, 54, '17.00', 6, '0.20'),
(10795, 16, '70.00', 65, '0.00'),
(10795, 17, '39.00', 35, '0.25'),
(10796, 26, '178.00', 21, '0.20'),
(10796, 44, '105.00', 10, '0.00'),
(10796, 64, '33.00', 35, '0.20'),
(10796, 69, '36.00', 24, '0.20'),
(10797, 11, '21.00', 20, '0.00'),
(10798, 62, '176.00', 2, '0.00'),
(10798, 72, '35.00', 10, '0.00'),
(10799, 13, '160.00', 20, '0.15'),
(10799, 24, '34.00', 20, '0.15'),
(10799, 59, '55.00', 25, '0.00'),
(10800, 11, '21.00', 50, '0.10'),
(10800, 51, '98.00', 10, '0.10'),
(10800, 54, '17.00', 7, '0.10'),
(10801, 17, '39.00', 40, '0.25'),
(10801, 29, '56.00', 20, '0.25'),
(10802, 30, '179.00', 25, '0.25'),
(10802, 51, '98.00', 30, '0.25'),
(10802, 55, '24.00', 60, '0.25'),
(10802, 62, '176.00', 5, '0.25'),
(10803, 19, '99.00', 24, '0.05'),
(10803, 25, '259.00', 15, '0.05'),
(10803, 59, '55.00', 15, '0.05'),
(10804, 10, '69.00', 36, '0.00'),
(10804, 28, '89.00', 24, '0.00'),
(10804, 49, '132.00', 4, '0.15'),
(10805, 34, '24.00', 10, '0.00'),
(10805, 38, '14.00', 10, '0.00'),
(10806, 2, '53.00', 20, '0.25'),
(10806, 65, '76.00', 2, '0.00'),
(10806, 74, '109.00', 15, '0.25'),
(10807, 40, '918.00', 1, '0.00'),
(10808, 56, '150.00', 20, '0.15'),
(10808, 76, '18.00', 50, '0.15'),
(10809, 52, '14.00', 20, '0.00'),
(10810, 13, '160.00', 7, '0.00'),
(10810, 25, '259.00', 5, '0.00'),
(10810, 70, '15.00', 5, '0.00'),
(10811, 19, '99.00', 15, '0.00'),
(10811, 23, '30.00', 18, '0.00'),
(10811, 40, '918.00', 30, '0.00'),
(10812, 31, '45.00', 16, '0.10'),
(10812, 72, '35.00', 40, '0.10'),
(10812, 77, '34.00', 20, '0.00'),
(10813, 2, '53.00', 12, '0.20'),
(10813, 46, '412.00', 35, '0.00'),
(10814, 41, '199.00', 20, '0.00'),
(10814, 43, '46.00', 20, '0.15'),
(10814, 48, '67.00', 8, '0.15'),
(10814, 61, '28.00', 30, '0.15'),
(10815, 33, '26.00', 16, '0.00'),
(10816, 38, '14.00', 30, '0.05'),
(10816, 62, '176.00', 20, '0.05'),
(10817, 26, '178.00', 40, '0.15'),
(10817, 38, '14.00', 30, '0.00'),
(10817, 40, '918.00', 60, '0.15'),
(10817, 62, '176.00', 25, '0.15'),
(10818, 32, '32.00', 20, '0.00'),
(10818, 41, '199.00', 20, '0.00'),
(10819, 43, '46.00', 7, '0.00'),
(10819, 75, '8.00', 20, '0.00'),
(10820, 56, '150.00', 30, '0.00'),
(10821, 35, '18.00', 20, '0.00'),
(10821, 51, '98.00', 6, '0.00'),
(10822, 62, '176.00', 3, '0.00'),
(10822, 70, '15.00', 6, '0.00'),
(10823, 11, '21.00', 20, '0.10'),
(10823, 57, '61.00', 15, '0.00'),
(10823, 59, '55.00', 40, '0.10'),
(10823, 77, '34.00', 15, '0.10'),
(10824, 41, '199.00', 12, '0.00'),
(10824, 70, '15.00', 9, '0.00'),
(10825, 26, '178.00', 12, '0.00'),
(10825, 53, '89.00', 20, '0.00'),
(10826, 31, '45.00', 35, '0.00'),
(10826, 57, '61.00', 15, '0.00'),
(10827, 10, '69.00', 15, '0.00'),
(10827, 39, '10.00', 21, '0.00'),
(10828, 20, '145.00', 5, '0.00'),
(10828, 38, '14.00', 2, '0.00'),
(10829, 2, '53.00', 10, '0.00'),
(10829, 8, '48.00', 20, '0.00'),
(10829, 13, '160.00', 10, '0.00'),
(10829, 60, '34.00', 21, '0.00'),
(10830, 6, '257.00', 6, '0.00'),
(10830, 39, '10.00', 28, '0.00'),
(10830, 60, '34.00', 30, '0.00'),
(10830, 68, '498.00', 24, '0.00'),
(10831, 19, '99.00', 2, '0.00'),
(10831, 35, '18.00', 8, '0.00'),
(10831, 38, '14.00', 8, '0.00'),
(10831, 43, '46.00', 9, '0.00'),
(10832, 13, '160.00', 3, '0.20'),
(10832, 25, '259.00', 10, '0.20'),
(10832, 44, '105.00', 16, '0.20'),
(10832, 64, '33.00', 3, '0.00'),
(10833, 7, '129.00', 20, '0.10'),
(10833, 31, '45.00', 9, '0.10'),
(10833, 53, '89.00', 9, '0.10'),
(10834, 29, '56.00', 8, '0.05'),
(10834, 30, '179.00', 20, '0.05'),
(10835, 59, '55.00', 15, '0.00'),
(10835, 77, '34.00', 2, '0.20'),
(10836, 22, '21.00', 52, '0.00'),
(10836, 35, '18.00', 6, '0.00'),
(10836, 57, '61.00', 24, '0.00'),
(10836, 60, '34.00', 60, '0.00'),
(10836, 64, '33.00', 30, '0.00'),
(10837, 13, '160.00', 6, '0.00'),
(10837, 40, '918.00', 25, '0.00'),
(10837, 47, '36.00', 40, '0.25'),
(10837, 76, '18.00', 21, '0.25'),
(10838, 1, '46.00', 4, '0.25'),
(10838, 18, '62.00', 25, '0.25'),
(10838, 36, '519.00', 50, '0.25'),
(10839, 58, '159.00', 30, '0.10'),
(10839, 72, '35.00', 15, '0.10'),
(10840, 25, '259.00', 6, '0.20'),
(10840, 39, '10.00', 10, '0.20'),
(10841, 10, '69.00', 16, '0.00'),
(10841, 56, '150.00', 30, '0.00'),
(10841, 59, '55.00', 50, '0.00'),
(10841, 77, '34.00', 15, '0.00'),
(10842, 11, '21.00', 15, '0.00'),
(10842, 43, '46.00', 5, '0.00');
INSERT INTO `bestelldetails` (`BestellNr`, `ArtikelNr`, `Einzelpreis`, `Anzahl`, `Rabatt`) VALUES
(10842, 68, '498.00', 20, '0.00'),
(10842, 70, '15.00', 12, '0.00'),
(10843, 51, '98.00', 4, '0.25'),
(10844, 22, '21.00', 35, '0.00'),
(10845, 23, '30.00', 70, '0.10'),
(10845, 35, '18.00', 25, '0.10'),
(10845, 42, '29.00', 42, '0.10'),
(10845, 58, '159.00', 60, '0.10'),
(10845, 64, '33.00', 48, '0.00'),
(10846, 4, '217.00', 21, '0.00'),
(10846, 70, '15.00', 30, '0.00'),
(10846, 74, '109.00', 20, '0.00'),
(10847, 1, '46.00', 80, '0.20'),
(10847, 19, '99.00', 12, '0.20'),
(10847, 37, '626.00', 60, '0.20'),
(10847, 45, '184.00', 36, '0.20'),
(10847, 60, '34.00', 45, '0.20'),
(10847, 71, '22.00', 55, '0.20'),
(10848, 5, '38.00', 30, '0.00'),
(10848, 9, '24.00', 3, '0.00'),
(10849, 3, '68.00', 49, '0.00'),
(10849, 26, '178.00', 18, '0.15'),
(10850, 25, '259.00', 20, '0.15'),
(10850, 33, '26.00', 4, '0.15'),
(10850, 70, '15.00', 30, '0.15'),
(10851, 2, '53.00', 5, '0.05'),
(10851, 25, '259.00', 10, '0.05'),
(10851, 57, '61.00', 10, '0.05'),
(10851, 59, '55.00', 42, '0.05'),
(10852, 2, '53.00', 15, '0.00'),
(10852, 17, '39.00', 6, '0.00'),
(10852, 62, '176.00', 50, '0.00'),
(10853, 18, '62.00', 10, '0.00'),
(10854, 10, '69.00', 100, '0.15'),
(10854, 13, '160.00', 65, '0.15'),
(10855, 16, '70.00', 50, '0.00'),
(10855, 31, '45.00', 14, '0.00'),
(10855, 56, '150.00', 24, '0.00'),
(10855, 65, '76.00', 15, '0.15'),
(10856, 2, '53.00', 20, '0.00'),
(10856, 42, '29.00', 20, '0.00'),
(10857, 3, '68.00', 30, '0.00'),
(10857, 26, '178.00', 35, '0.25'),
(10857, 29, '56.00', 10, '0.25'),
(10858, 7, '129.00', 5, '0.00'),
(10858, 27, '219.00', 10, '0.00'),
(10858, 70, '15.00', 4, '0.00'),
(10859, 24, '34.00', 40, '0.25'),
(10859, 54, '17.00', 35, '0.25'),
(10859, 64, '33.00', 30, '0.25'),
(10860, 51, '98.00', 3, '0.00'),
(10860, 76, '18.00', 20, '0.00'),
(10861, 17, '39.00', 42, '0.00'),
(10861, 18, '62.00', 20, '0.00'),
(10861, 21, '359.00', 40, '0.00'),
(10861, 33, '26.00', 35, '0.00'),
(10861, 62, '176.00', 3, '0.00'),
(10862, 11, '21.00', 25, '0.00'),
(10862, 52, '14.00', 8, '0.00'),
(10863, 1, '46.00', 20, '0.15'),
(10863, 58, '159.00', 12, '0.15'),
(10864, 35, '18.00', 4, '0.00'),
(10864, 67, '14.00', 15, '0.00'),
(10865, 38, '14.00', 60, '0.05'),
(10865, 39, '10.00', 80, '0.05'),
(10866, 2, '53.00', 21, '0.25'),
(10866, 24, '34.00', 6, '0.25'),
(10866, 30, '179.00', 40, '0.25'),
(10867, 53, '89.00', 3, '0.00'),
(10868, 26, '178.00', 20, '0.00'),
(10868, 35, '18.00', 30, '0.00'),
(10868, 49, '132.00', 42, '0.10'),
(10869, 1, '46.00', 40, '0.00'),
(10869, 11, '21.00', 10, '0.00'),
(10869, 23, '30.00', 50, '0.00'),
(10869, 68, '498.00', 20, '0.00'),
(10870, 35, '18.00', 3, '0.00'),
(10870, 51, '98.00', 2, '0.00'),
(10871, 6, '257.00', 50, '0.05'),
(10871, 16, '70.00', 12, '0.05'),
(10871, 17, '39.00', 16, '0.05'),
(10872, 55, '24.00', 10, '0.05'),
(10872, 62, '176.00', 20, '0.05'),
(10872, 64, '33.00', 15, '0.05'),
(10872, 65, '76.00', 21, '0.05'),
(10873, 21, '359.00', 20, '0.00'),
(10873, 28, '89.00', 3, '0.00'),
(10874, 10, '69.00', 10, '0.00'),
(10875, 19, '99.00', 25, '0.00'),
(10875, 47, '36.00', 21, '0.10'),
(10875, 49, '132.00', 15, '0.00'),
(10876, 46, '412.00', 21, '0.00'),
(10876, 64, '33.00', 20, '0.00'),
(10877, 16, '70.00', 30, '0.25'),
(10877, 18, '62.00', 25, '0.00'),
(10878, 20, '145.00', 20, '0.05'),
(10879, 40, '918.00', 12, '0.00'),
(10879, 65, '76.00', 10, '0.00'),
(10879, 76, '18.00', 10, '0.00'),
(10880, 23, '30.00', 30, '0.20'),
(10880, 61, '28.00', 30, '0.20'),
(10880, 70, '15.00', 50, '0.20'),
(10881, 73, '145.00', 10, '0.00'),
(10882, 42, '29.00', 25, '0.00'),
(10882, 49, '132.00', 20, '0.15'),
(10882, 54, '17.00', 32, '0.15'),
(10883, 24, '34.00', 8, '0.00'),
(10884, 21, '359.00', 40, '0.05'),
(10884, 56, '150.00', 21, '0.05'),
(10884, 65, '76.00', 12, '0.05'),
(10885, 2, '53.00', 20, '0.00'),
(10885, 24, '34.00', 12, '0.00'),
(10885, 70, '15.00', 30, '0.00'),
(10885, 77, '34.00', 25, '0.00'),
(10886, 10, '69.00', 70, '0.00'),
(10886, 31, '45.00', 35, '0.00'),
(10886, 77, '34.00', 40, '0.00'),
(10887, 25, '259.00', 5, '0.00'),
(10888, 2, '53.00', 20, '0.00'),
(10888, 68, '498.00', 18, '0.00'),
(10889, 11, '21.00', 40, '0.00'),
(10889, 38, '14.00', 40, '0.00'),
(10890, 17, '39.00', 15, '0.00'),
(10890, 34, '24.00', 10, '0.00'),
(10890, 41, '199.00', 14, '0.00'),
(10891, 30, '179.00', 15, '0.05'),
(10892, 59, '55.00', 40, '0.05'),
(10893, 8, '48.00', 30, '0.00'),
(10893, 24, '34.00', 10, '0.00'),
(10893, 29, '56.00', 24, '0.00'),
(10893, 30, '179.00', 35, '0.00'),
(10893, 36, '519.00', 20, '0.00'),
(10894, 13, '160.00', 28, '0.05'),
(10894, 69, '36.00', 50, '0.05'),
(10894, 75, '8.00', 120, '0.05'),
(10895, 24, '34.00', 110, '0.00'),
(10895, 39, '10.00', 45, '0.00'),
(10895, 40, '918.00', 91, '0.00'),
(10895, 60, '34.00', 100, '0.00'),
(10896, 45, '184.00', 15, '0.00'),
(10896, 56, '150.00', 16, '0.00'),
(10897, 29, '56.00', 80, '0.00'),
(10897, 30, '179.00', 36, '0.00'),
(10898, 13, '160.00', 5, '0.00'),
(10899, 39, '10.00', 8, '0.15'),
(10900, 70, '15.00', 3, '0.25'),
(10901, 41, '199.00', 30, '0.00'),
(10901, 71, '22.00', 30, '0.00'),
(10902, 55, '24.00', 30, '0.15'),
(10902, 62, '176.00', 6, '0.15'),
(10903, 13, '160.00', 40, '0.00'),
(10903, 65, '76.00', 21, '0.00'),
(10903, 68, '498.00', 20, '0.00'),
(10904, 58, '159.00', 15, '0.00'),
(10904, 62, '176.00', 35, '0.00'),
(10905, 1, '46.00', 20, '0.05'),
(10906, 61, '28.00', 15, '0.00'),
(10907, 75, '8.00', 14, '0.00'),
(10908, 7, '129.00', 20, '0.05'),
(10908, 52, '14.00', 14, '0.05'),
(10909, 7, '129.00', 12, '0.00'),
(10909, 16, '70.00', 15, '0.00'),
(10909, 41, '199.00', 5, '0.00'),
(10910, 19, '99.00', 12, '0.00'),
(10910, 49, '132.00', 10, '0.00'),
(10910, 61, '28.00', 5, '0.00'),
(10911, 1, '46.00', 10, '0.00'),
(10911, 17, '39.00', 12, '0.00'),
(10911, 67, '14.00', 15, '0.00'),
(10912, 11, '21.00', 40, '0.25'),
(10912, 29, '56.00', 60, '0.25'),
(10913, 4, '217.00', 30, '0.25'),
(10913, 33, '26.00', 40, '0.25'),
(10913, 58, '159.00', 15, '0.00'),
(10914, 71, '22.00', 25, '0.00'),
(10915, 17, '39.00', 10, '0.00'),
(10915, 33, '26.00', 30, '0.00'),
(10915, 54, '17.00', 10, '0.00'),
(10916, 16, '70.00', 6, '0.00'),
(10916, 32, '32.00', 6, '0.00'),
(10916, 57, '61.00', 20, '0.00'),
(10917, 30, '179.00', 1, '0.00'),
(10917, 60, '34.00', 10, '0.00'),
(10918, 1, '46.00', 60, '0.25'),
(10918, 60, '34.00', 25, '0.25'),
(10919, 16, '70.00', 24, '0.00'),
(10919, 25, '259.00', 24, '0.00'),
(10919, 40, '918.00', 20, '0.00'),
(10920, 50, '164.00', 24, '0.00'),
(10921, 35, '18.00', 10, '0.00'),
(10921, 63, '58.00', 40, '0.00'),
(10922, 17, '39.00', 15, '0.00'),
(10922, 24, '34.00', 35, '0.00'),
(10923, 42, '29.00', 10, '0.20'),
(10923, 43, '46.00', 10, '0.20'),
(10923, 67, '14.00', 24, '0.20'),
(10924, 10, '69.00', 20, '0.10'),
(10924, 28, '89.00', 30, '0.10'),
(10924, 75, '8.00', 6, '0.00'),
(10925, 36, '519.00', 25, '0.15'),
(10925, 52, '14.00', 12, '0.15'),
(10926, 11, '21.00', 2, '0.00'),
(10926, 13, '160.00', 10, '0.00'),
(10926, 19, '99.00', 7, '0.00'),
(10926, 72, '35.00', 10, '0.00'),
(10927, 20, '145.00', 5, '0.00'),
(10927, 52, '14.00', 5, '0.00'),
(10927, 76, '18.00', 20, '0.00'),
(10928, 47, '36.00', 5, '0.00'),
(10928, 76, '18.00', 5, '0.00'),
(10929, 21, '359.00', 60, '0.00'),
(10929, 75, '8.00', 49, '0.00'),
(10929, 77, '34.00', 15, '0.00'),
(10930, 21, '359.00', 36, '0.00'),
(10930, 27, '219.00', 25, '0.00'),
(10930, 55, '24.00', 25, '0.20'),
(10930, 58, '159.00', 30, '0.20'),
(10931, 13, '160.00', 42, '0.15'),
(10931, 57, '61.00', 30, '0.00'),
(10932, 16, '70.00', 30, '0.10'),
(10932, 62, '176.00', 14, '0.10'),
(10932, 72, '35.00', 16, '0.00'),
(10932, 75, '8.00', 20, '0.10'),
(10933, 53, '89.00', 2, '0.00'),
(10933, 61, '28.00', 30, '0.00'),
(10934, 6, '257.00', 20, '0.00'),
(10935, 1, '46.00', 21, '0.00'),
(10935, 18, '62.00', 4, '0.25'),
(10935, 23, '30.00', 8, '0.25'),
(10936, 36, '519.00', 30, '0.20'),
(10937, 28, '89.00', 8, '0.00'),
(10937, 34, '24.00', 20, '0.00'),
(10938, 13, '160.00', 20, '0.25'),
(10938, 43, '46.00', 24, '0.25'),
(10938, 60, '34.00', 49, '0.25'),
(10938, 71, '22.00', 35, '0.25'),
(10939, 2, '53.00', 10, '0.15'),
(10939, 67, '14.00', 40, '0.15'),
(10940, 7, '129.00', 8, '0.00'),
(10940, 13, '160.00', 20, '0.00'),
(10941, 31, '45.00', 44, '0.25'),
(10941, 62, '176.00', 30, '0.25'),
(10941, 68, '498.00', 80, '0.25'),
(10941, 72, '35.00', 50, '0.00'),
(10942, 49, '132.00', 28, '0.00'),
(10943, 13, '160.00', 15, '0.00'),
(10943, 22, '21.00', 21, '0.00'),
(10943, 46, '412.00', 15, '0.00'),
(10944, 11, '21.00', 5, '0.25'),
(10944, 44, '105.00', 18, '0.25'),
(10944, 56, '150.00', 18, '0.00'),
(10945, 13, '160.00', 20, '0.00'),
(10945, 31, '45.00', 10, '0.00'),
(10946, 10, '69.00', 25, '0.00'),
(10946, 24, '34.00', 25, '0.00'),
(10946, 77, '34.00', 40, '0.00'),
(10947, 59, '55.00', 4, '0.00'),
(10948, 50, '164.00', 9, '0.00'),
(10948, 51, '98.00', 40, '0.00'),
(10948, 55, '24.00', 4, '0.00'),
(10949, 6, '257.00', 12, '0.00'),
(10949, 10, '69.00', 30, '0.00'),
(10949, 17, '39.00', 6, '0.00'),
(10949, 62, '176.00', 60, '0.00'),
(10950, 4, '217.00', 5, '0.00'),
(10951, 33, '26.00', 15, '0.05'),
(10951, 41, '199.00', 6, '0.05'),
(10951, 75, '8.00', 50, '0.05'),
(10952, 6, '257.00', 16, '0.05'),
(10952, 28, '89.00', 2, '0.00'),
(10953, 20, '145.00', 50, '0.05'),
(10953, 31, '45.00', 50, '0.05'),
(10954, 16, '70.00', 28, '0.15'),
(10954, 31, '45.00', 25, '0.15'),
(10954, 45, '184.00', 30, '0.00'),
(10954, 60, '34.00', 24, '0.15'),
(10955, 75, '8.00', 12, '0.20'),
(10956, 21, '359.00', 12, '0.00'),
(10956, 47, '36.00', 14, '0.00'),
(10956, 51, '98.00', 8, '0.00'),
(10957, 30, '179.00', 30, '0.00'),
(10957, 35, '18.00', 40, '0.00'),
(10957, 64, '33.00', 8, '0.00'),
(10958, 5, '38.00', 20, '0.00'),
(10958, 7, '129.00', 6, '0.00'),
(10958, 72, '35.00', 5, '0.00'),
(10959, 75, '8.00', 20, '0.15'),
(10960, 24, '34.00', 10, '0.25'),
(10960, 41, '199.00', 24, '0.00'),
(10961, 52, '14.00', 6, '0.05'),
(10961, 76, '18.00', 60, '0.00'),
(10962, 7, '129.00', 45, '0.00'),
(10962, 13, '160.00', 77, '0.00'),
(10962, 53, '89.00', 20, '0.00'),
(10962, 69, '36.00', 9, '0.00'),
(10962, 76, '18.00', 44, '0.00'),
(10963, 60, '34.00', 2, '0.15'),
(10964, 18, '62.00', 6, '0.00'),
(10964, 38, '14.00', 5, '0.00'),
(10964, 69, '36.00', 10, '0.00'),
(10965, 51, '98.00', 16, '0.00'),
(10966, 37, '626.00', 8, '0.00'),
(10966, 56, '150.00', 12, '0.15'),
(10966, 62, '176.00', 12, '0.15'),
(10967, 19, '99.00', 12, '0.00'),
(10967, 49, '132.00', 40, '0.00'),
(10968, 12, '38.00', 30, '0.00'),
(10968, 24, '34.00', 30, '0.00'),
(10968, 64, '33.00', 4, '0.00'),
(10969, 46, '412.00', 9, '0.00'),
(10970, 52, '14.00', 40, '0.20'),
(10971, 29, '56.00', 14, '0.00'),
(10972, 17, '39.00', 6, '0.00'),
(10972, 33, '26.00', 7, '0.00'),
(10973, 26, '178.00', 5, '0.00'),
(10973, 41, '199.00', 6, '0.00'),
(10973, 75, '8.00', 10, '0.00'),
(10974, 63, '58.00', 10, '0.00'),
(10975, 8, '48.00', 16, '0.00'),
(10975, 75, '8.00', 10, '0.00'),
(10976, 28, '89.00', 20, '0.00'),
(10977, 39, '10.00', 30, '0.00'),
(10977, 47, '36.00', 30, '0.00'),
(10977, 51, '98.00', 10, '0.00'),
(10977, 63, '58.00', 20, '0.00'),
(10978, 8, '48.00', 20, '0.15'),
(10978, 21, '359.00', 40, '0.15'),
(10978, 40, '918.00', 10, '0.00'),
(10978, 44, '105.00', 6, '0.15'),
(10979, 7, '129.00', 18, '0.00'),
(10979, 12, '38.00', 20, '0.00'),
(10979, 24, '34.00', 80, '0.00'),
(10979, 27, '219.00', 30, '0.00'),
(10979, 31, '45.00', 24, '0.00'),
(10979, 63, '58.00', 35, '0.00'),
(10980, 75, '8.00', 40, '0.20'),
(10981, 38, '14.00', 60, '0.00'),
(10982, 7, '129.00', 20, '0.00'),
(10982, 43, '46.00', 9, '0.00'),
(10983, 13, '160.00', 84, '0.15'),
(10983, 57, '61.00', 15, '0.00'),
(10984, 16, '70.00', 55, '0.00'),
(10984, 24, '34.00', 20, '0.00'),
(10984, 36, '519.00', 40, '0.00'),
(10985, 16, '70.00', 36, '0.10'),
(10985, 18, '62.00', 8, '0.10'),
(10985, 32, '32.00', 35, '0.10'),
(10986, 11, '21.00', 30, '0.00'),
(10986, 20, '145.00', 15, '0.00'),
(10986, 76, '18.00', 10, '0.00'),
(10986, 77, '34.00', 15, '0.00'),
(10987, 7, '129.00', 60, '0.00'),
(10987, 43, '46.00', 6, '0.00'),
(10987, 72, '35.00', 20, '0.00'),
(10988, 7, '129.00', 60, '0.00'),
(10988, 62, '176.00', 40, '0.10'),
(10989, 6, '257.00', 40, '0.00'),
(10989, 11, '21.00', 15, '0.00'),
(10989, 41, '199.00', 4, '0.00'),
(10990, 21, '359.00', 65, '0.00'),
(10990, 34, '24.00', 60, '0.15'),
(10990, 55, '24.00', 65, '0.15'),
(10990, 61, '28.00', 66, '0.15'),
(10991, 2, '53.00', 50, '0.20'),
(10991, 70, '15.00', 20, '0.20'),
(10991, 76, '18.00', 90, '0.20'),
(10992, 72, '35.00', 2, '0.00'),
(10993, 29, '56.00', 50, '0.25'),
(10993, 41, '199.00', 35, '0.25'),
(10994, 59, '55.00', 18, '0.05'),
(10995, 51, '98.00', 20, '0.00'),
(10995, 60, '34.00', 4, '0.00'),
(10996, 42, '29.00', 40, '0.00'),
(10997, 32, '32.00', 50, '0.00'),
(10997, 46, '412.00', 20, '0.25'),
(10997, 52, '14.00', 20, '0.25'),
(10998, 24, '34.00', 12, '0.00'),
(10998, 61, '28.00', 7, '0.00'),
(10998, 74, '109.00', 20, '0.00'),
(10998, 75, '8.00', 30, '0.00'),
(10999, 41, '199.00', 20, '0.05'),
(10999, 51, '98.00', 15, '0.05'),
(10999, 77, '34.00', 21, '0.05'),
(11000, 4, '217.00', 25, '0.25'),
(11000, 24, '34.00', 30, '0.25'),
(11000, 77, '34.00', 30, '0.00'),
(11001, 7, '129.00', 60, '0.00'),
(11001, 22, '21.00', 25, '0.00'),
(11001, 46, '412.00', 25, '0.00'),
(11001, 55, '24.00', 6, '0.00'),
(11002, 13, '160.00', 56, '0.00'),
(11002, 35, '18.00', 15, '0.15'),
(11002, 42, '29.00', 24, '0.15'),
(11002, 55, '24.00', 40, '0.00'),
(11003, 1, '46.00', 4, '0.00'),
(11003, 40, '918.00', 10, '0.00'),
(11003, 52, '14.00', 10, '0.00'),
(11004, 26, '178.00', 6, '0.00'),
(11004, 76, '18.00', 6, '0.00'),
(11005, 1, '46.00', 2, '0.00'),
(11005, 59, '55.00', 10, '0.00'),
(11006, 1, '46.00', 8, '0.00'),
(11006, 29, '56.00', 2, '0.25'),
(11007, 8, '48.00', 30, '0.00'),
(11007, 29, '56.00', 10, '0.00'),
(11007, 42, '29.00', 14, '0.00'),
(11008, 28, '89.00', 70, '0.05'),
(11008, 34, '24.00', 90, '0.05'),
(11008, 71, '22.00', 21, '0.00'),
(11009, 24, '34.00', 12, '0.00'),
(11009, 36, '519.00', 18, '0.25'),
(11009, 60, '34.00', 9, '0.00'),
(11010, 7, '129.00', 20, '0.00'),
(11010, 24, '34.00', 10, '0.00'),
(11011, 58, '159.00', 40, '0.05'),
(11011, 71, '22.00', 20, '0.00'),
(11012, 19, '99.00', 50, '0.05'),
(11012, 60, '34.00', 36, '0.05'),
(11012, 71, '22.00', 60, '0.05'),
(11013, 23, '30.00', 10, '0.00'),
(11013, 42, '29.00', 4, '0.00'),
(11013, 45, '184.00', 20, '0.00'),
(11013, 68, '498.00', 2, '0.00'),
(11014, 41, '199.00', 28, '0.10'),
(11015, 30, '179.00', 15, '0.00'),
(11015, 77, '34.00', 18, '0.00'),
(11016, 31, '45.00', 15, '0.00'),
(11016, 36, '519.00', 16, '0.00'),
(11017, 3, '68.00', 25, '0.00'),
(11017, 59, '55.00', 110, '0.00'),
(11017, 70, '15.00', 30, '0.00'),
(11018, 12, '38.00', 20, '0.00'),
(11018, 18, '62.00', 10, '0.00'),
(11018, 56, '150.00', 5, '0.00'),
(11019, 46, '412.00', 3, '0.00'),
(11019, 49, '132.00', 2, '0.00'),
(11020, 10, '69.00', 24, '0.15'),
(11021, 2, '53.00', 11, '0.25'),
(11021, 20, '145.00', 15, '0.00'),
(11021, 26, '178.00', 63, '0.00'),
(11021, 51, '98.00', 44, '0.25'),
(11021, 72, '35.00', 35, '0.00'),
(11022, 19, '99.00', 35, '0.00'),
(11022, 69, '36.00', 30, '0.00'),
(11023, 7, '129.00', 4, '0.00'),
(11023, 43, '46.00', 30, '0.00'),
(11024, 26, '178.00', 12, '0.00'),
(11024, 33, '26.00', 30, '0.00'),
(11024, 65, '76.00', 21, '0.00'),
(11024, 71, '22.00', 50, '0.00'),
(11025, 1, '46.00', 10, '0.10'),
(11025, 13, '160.00', 20, '0.10'),
(11026, 18, '62.00', 8, '0.00'),
(11026, 51, '98.00', 10, '0.00'),
(11027, 24, '34.00', 30, '0.25'),
(11027, 62, '176.00', 21, '0.25'),
(11028, 55, '24.00', 35, '0.00'),
(11028, 59, '55.00', 24, '0.00'),
(11029, 56, '150.00', 20, '0.00'),
(11029, 63, '58.00', 12, '0.00'),
(11030, 2, '53.00', 100, '0.25'),
(11030, 5, '38.00', 70, '0.00'),
(11030, 29, '56.00', 60, '0.25'),
(11030, 59, '55.00', 100, '0.25'),
(11031, 1, '46.00', 45, '0.00'),
(11031, 13, '160.00', 80, '0.00'),
(11031, 24, '34.00', 21, '0.00'),
(11031, 64, '33.00', 20, '0.00'),
(11031, 71, '22.00', 16, '0.00'),
(11032, 36, '519.00', 35, '0.00'),
(11032, 38, '14.00', 25, '0.00'),
(11032, 59, '55.00', 30, '0.00'),
(11033, 53, '89.00', 70, '0.10'),
(11033, 69, '36.00', 36, '0.10'),
(11034, 21, '359.00', 15, '0.10'),
(11034, 44, '105.00', 12, '0.00'),
(11034, 61, '28.00', 6, '0.00'),
(11035, 1, '46.00', 10, '0.00'),
(11035, 35, '18.00', 60, '0.00'),
(11035, 42, '29.00', 30, '0.00'),
(11035, 54, '17.00', 10, '0.00'),
(11036, 13, '160.00', 7, '0.00'),
(11036, 59, '55.00', 30, '0.00'),
(11037, 70, '15.00', 4, '0.00'),
(11038, 40, '918.00', 5, '0.20'),
(11038, 52, '14.00', 2, '0.00'),
(11038, 71, '22.00', 30, '0.00'),
(11039, 28, '89.00', 20, '0.00'),
(11039, 35, '18.00', 24, '0.00'),
(11039, 49, '132.00', 60, '0.00'),
(11039, 57, '61.00', 28, '0.00'),
(11040, 21, '359.00', 20, '0.00'),
(11041, 2, '53.00', 30, '0.20'),
(11041, 63, '58.00', 30, '0.00'),
(11042, 44, '105.00', 15, '0.00'),
(11042, 61, '28.00', 4, '0.00'),
(11043, 11, '21.00', 10, '0.00'),
(11044, 62, '176.00', 12, '0.00'),
(11045, 33, '26.00', 15, '0.00'),
(11045, 51, '98.00', 24, '0.00'),
(11046, 12, '38.00', 20, '0.05'),
(11046, 32, '32.00', 15, '0.05'),
(11046, 35, '18.00', 18, '0.05'),
(11047, 1, '46.00', 25, '0.25'),
(11047, 5, '38.00', 30, '0.25'),
(11048, 68, '498.00', 42, '0.00'),
(11049, 2, '53.00', 10, '0.20'),
(11049, 12, '38.00', 4, '0.20'),
(11050, 76, '18.00', 50, '0.10'),
(11051, 24, '34.00', 10, '0.20'),
(11052, 43, '46.00', 30, '0.20'),
(11052, 61, '28.00', 10, '0.20'),
(11053, 18, '62.00', 35, '0.20'),
(11053, 32, '32.00', 20, '0.00'),
(11053, 64, '33.00', 25, '0.20'),
(11054, 33, '26.00', 10, '0.00'),
(11054, 67, '14.00', 20, '0.00'),
(11055, 24, '34.00', 15, '0.00'),
(11055, 25, '259.00', 15, '0.00'),
(11055, 51, '98.00', 20, '0.00'),
(11055, 57, '61.00', 20, '0.00'),
(11056, 7, '129.00', 40, '0.00'),
(11056, 55, '24.00', 35, '0.00'),
(11056, 60, '34.00', 50, '0.00'),
(11057, 70, '15.00', 3, '0.00'),
(11058, 21, '359.00', 3, '0.00'),
(11058, 60, '34.00', 21, '0.00'),
(11058, 61, '28.00', 4, '0.00'),
(11059, 13, '160.00', 30, '0.00'),
(11059, 17, '39.00', 12, '0.00'),
(11059, 60, '34.00', 35, '0.00'),
(11060, 60, '34.00', 4, '0.00'),
(11060, 77, '34.00', 10, '0.00'),
(11061, 60, '34.00', 15, '0.00'),
(11062, 53, '89.00', 10, '0.20'),
(11062, 70, '15.00', 12, '0.20'),
(11063, 34, '24.00', 30, '0.00'),
(11063, 40, '918.00', 40, '0.10'),
(11063, 41, '199.00', 30, '0.10'),
(11064, 17, '39.00', 77, '0.10'),
(11064, 41, '199.00', 12, '0.00'),
(11064, 53, '89.00', 25, '0.10'),
(11064, 55, '24.00', 4, '0.10'),
(11064, 68, '498.00', 55, '0.00'),
(11065, 30, '179.00', 4, '0.25'),
(11065, 54, '17.00', 20, '0.25'),
(11066, 16, '70.00', 3, '0.00'),
(11066, 19, '99.00', 42, '0.00'),
(11066, 34, '24.00', 35, '0.00'),
(11067, 41, '199.00', 9, '0.00'),
(11068, 28, '89.00', 8, '0.15'),
(11068, 43, '46.00', 36, '0.15'),
(11068, 77, '34.00', 28, '0.15'),
(11069, 39, '10.00', 20, '0.00'),
(11070, 1, '46.00', 40, '0.15'),
(11070, 2, '53.00', 20, '0.15'),
(11070, 16, '70.00', 30, '0.15'),
(11070, 31, '45.00', 20, '0.00'),
(11071, 7, '129.00', 15, '0.05'),
(11071, 13, '160.00', 10, '0.05'),
(11072, 2, '53.00', 8, '0.00'),
(11072, 41, '199.00', 40, '0.00'),
(11072, 50, '164.00', 22, '0.00'),
(11072, 64, '33.00', 130, '0.00'),
(11073, 11, '21.00', 10, '0.00'),
(11073, 24, '34.00', 20, '0.00'),
(11074, 16, '70.00', 14, '0.05'),
(11075, 2, '53.00', 10, '0.15'),
(11075, 46, '412.00', 30, '0.15'),
(11075, 76, '18.00', 2, '0.15'),
(11076, 6, '257.00', 20, '0.25'),
(11076, 14, '232.00', 20, '0.25'),
(11076, 19, '99.00', 10, '0.25'),
(11077, 2, '53.00', 24, '0.20'),
(11077, 3, '68.00', 4, '0.00'),
(11077, 4, '217.00', 1, '0.00'),
(11077, 6, '257.00', 1, '0.02'),
(11077, 7, '129.00', 1, '0.05'),
(11077, 8, '48.00', 2, '0.10'),
(11077, 10, '69.00', 1, '0.00'),
(11077, 12, '38.00', 2, '0.05'),
(11077, 13, '160.00', 4, '0.00'),
(11077, 14, '232.00', 1, '0.03'),
(11077, 16, '70.00', 2, '0.03'),
(11077, 20, '145.00', 1, '0.04'),
(11077, 23, '30.00', 2, '0.00'),
(11077, 32, '32.00', 1, '0.00'),
(11077, 39, '10.00', 2, '0.05'),
(11077, 41, '199.00', 3, '0.00'),
(11077, 46, '412.00', 3, '0.02'),
(11077, 52, '14.00', 2, '0.00'),
(11077, 55, '24.00', 2, '0.00'),
(11077, 60, '34.00', 2, '0.06'),
(11077, 64, '33.00', 2, '0.03'),
(11077, 66, '30.00', 1, '0.00'),
(11077, 73, '145.00', 2, '0.01'),
(11077, 75, '8.00', 4, '0.00'),
(11077, 77, '34.00', 2, '0.00');

-- --------------------------------------------------------

--
-- Tabellenstruktur für Tabelle `bestellung`
--

CREATE TABLE `bestellung` (
  `BestellNr` int(5) NOT NULL,
  `KundenCode` varchar(5) DEFAULT NULL,
  `PersonalNr` int(3) DEFAULT NULL,
  `Bestelldatum` date DEFAULT NULL,
  `Lieferdatum` date DEFAULT NULL,
  `Versanddatum` date DEFAULT NULL,
  `VersandUeber` int(2) DEFAULT NULL,
  `Frachtkosten` decimal(5,2) DEFAULT NULL,
  `Empfaenger` varchar(50) DEFAULT NULL,
  `Strasse` varchar(50) DEFAULT NULL,
  `Ort` varchar(50) DEFAULT NULL,
  `Region` varchar(50) DEFAULT NULL,
  `PLZ` varchar(20) DEFAULT NULL,
  `Bestimmungsland` varchar(50) DEFAULT NULL
) ENGINE=InnoDB DEFAULT CHARSET=utf8;

--
-- Daten für Tabelle `bestellung`
--

INSERT INTO `bestellung` (`BestellNr`, `KundenCode`, `PersonalNr`, `Bestelldatum`, `Lieferdatum`, `Versanddatum`, `VersandUeber`, `Frachtkosten`, `Empfaenger`, `Strasse`, `Ort`, `Region`, `PLZ`, `Bestimmungsland`) VALUES
(10248, 'WILMK', 5, '2025-01-04', '2025-01-15', '2025-01-14', 3, '32.38', 'Wilman Kala', '59 rue de l''Abbaye', 'Reims', '', '51100', 'Frankreich'),
(10249, 'TRADH', 6, '2025-01-04', '2025-01-11', '2025-01-11', 7, '11.61', 'Tradição digitale', 'Luisenstr. 48', 'Münster', '', '44087', 'Deutschland'),
(10250, 'HANAR', 4, '2025-01-04', '2025-01-07', '2025-01-06', 2, '65.83', 'Bookkeepers', 'Rua do Paço, 67', 'Rio de Janeiro', 'RJ', '05454-876', 'Brasilien'),
(10251, 'VICTE', 3, '2025-01-04', '2025-01-12', '2025-01-11', 1, '41.34', 'Victuailles en stock', '2, rue du Commerce', 'Lyon', '', '69004', 'Frankreich'),
(10252, 'SUPRD', 4, '2025-01-05', '2025-01-07', '2025-01-06', 2, '51.30', 'Suprêmes Consulting', 'Boulevard Tirou, 255', 'Charleroi', '', 'B-6000', 'Belgien'),
(10253, 'HANAR', 3, '2025-01-05', '2025-01-12', '2025-01-11', 2, '58.17', 'Bookkeepers', 'Rua do Paço, 67', 'Rio de Janeiro', 'RJ', '05454-876', 'Brasilien'),
(10254, 'CHOPS', 5, '2025-01-09', '2025-01-12', '2025-01-11', 2, '22.98', 'Huawei Outlet', 'Hauptstr. 31', 'Bern', '', '3012', 'Schweiz'),
(10255, 'RICSU', 9, '2025-01-11', '2025-01-14', '2025-01-13', 3, '148.33', 'Richter Beratung', 'Starenweg 5', 'Genève', '', '1204', 'Schweiz'),
(10256, 'WELLI', 3, '2025-01-11', '2025-01-14', '2025-01-12', 2, '13.97', 'Wellington Importadora', 'Rua do Mercado, 12', 'Resende', 'SP', '08737-363', 'Brasilien'),
(10257, 'HILAA', 4, '2025-01-12', '2025-01-19', '2025-01-16', 3, '81.91', 'HILARIÓN-Abastos', 'Carrera 22 con Ave. Carlos Soublette #8-35', 'San Cristóbal', 'Táchira', '5022', 'Venezuela'),
(10258, 'ERNSH', 1, '2025-01-14', '2025-01-18', '2025-01-16', 1, '140.51', 'Ernst Handel', 'Kirchgasse 6', 'Graz', '', '8010', 'Österreich'),
(10259, 'CENTC', 4, '2025-01-21', '2025-01-26', '2025-01-23', 3, '23.25', 'Centro comercial Moctezuma', 'Sierras de Granada 9993', 'México D.F.', '', '05022', 'Mexiko'),
(10260, 'OLDWO', 4, '2025-01-29', '2025-02-01', '2025-01-30', 6, '55.09', 'Old World Support', 'Mehrheimerstr. 369', 'Köln', '', '50739', 'Deutschland'),
(10261, 'QUEDE', 4, '2025-02-01', '2025-02-03', '2025-02-01', 2, '33.05', 'Que Delícia', 'Rua da Panificadora, 12', 'Rio de Janeiro', 'RJ', '02389-673', 'Brasilien'),
(10262, 'RATTC', 8, '2025-02-01', '2025-02-03', '2025-02-01', 3, '48.29', 'Rattlesnake Canyon consulting', '2817 Milton Dr.', 'Albuquerque', 'NM', '87110', 'USA'),
(10263, 'ERNSH', 9, '2025-02-01', '2025-02-03', '2025-02-01', 3, '146.06', 'Ernst Handel', 'Kirchgasse 6', 'Graz', '', '8010', 'Österreich'),
(10264, 'FOLKO', 6, '2025-02-01', '2025-02-03', '2025-02-01', 3, '13.67', 'Folk och fä HB', 'Åkergatan 24', 'Bräcke', '', 'S-844 67', 'Schweden'),
(10265, 'BLONP', 2, '2025-03-01', '2025-03-03', '2025-03-01', 1, '55.28', 'Blondel Consult', '24, place Kléber', 'Strasbourg', '', '67000', 'Frankreich'),
(10266, 'WARTH', 3, '2025-03-01', '2025-03-03', '2025-03-01', 3, '25.73', 'Wartian Herkku', 'Torikatu 38', 'Oulu', '', '90110', 'Finnland'),
(10267, 'FRANK', 4, '2025-03-01', '2025-03-03', '2025-03-01', 1, '208.58', 'Frankenversand', 'Berliner Platz 43', 'München', '', '80805', 'Deutschland'),
(10268, 'GROSR', 8, '2025-03-01', '2025-03-02', '2025-03-01', 3, '66.29', 'GROSELLA-Studios', '5ª Ave. Los Palos Grandes', 'Caracas', 'DF', '1081', 'Venezuela'),
(10269, 'WHITC', 5, '2025-03-01', '2025-03-03', '2025-03-01', 1, '24.56', 'White Clover Markets', '1029 - 12th Ave. S.', 'Seattle', 'WA', '98124', 'USA'),
(10270, 'WARTH', 1, '2025-04-01', '2025-04-05', '2025-04-01', 1, '136.54', 'Wartian Herkku', 'Torikatu 38', 'Oulu', '', '90110', 'Finnland'),
(10271, 'SPLIR', 6, '2025-04-01', '2025-04-05', '2025-04-01', 2, '34.54', 'Split Rail Beer & Ale', 'P.O. Box 555', 'Lander', 'WY', '82520', 'USA'),
(10272, 'RATTC', 6, '2025-04-01', '2025-04-05', '2025-04-01', 2, '98.03', 'Rattlesnake Canyon consulting', '2817 Milton Dr.', 'Albuquerque', 'NM', '87110', 'USA'),
(10273, 'QUICK', 3, '2025-04-01', '2025-04-03', '2025-04-01', 3, '76.07', 'QUICK-Stop', 'Taucherstraße 10', 'Cunewalde', '', '01307', 'Deutschland'),
(10274, 'VINET', 6, '2025-05-03', '2025-05-05', '2025-05-01', 1, '16.01', 'Vins et alcools Chevalier', '59 rue de l''Abbaye', 'Reims', '', '51100', 'Frankreich'),
(10275, 'MAGAA', 1, '2025-05-03', '2025-05-05', '2025-05-03', 1, '26.93', 'Magazzini Alimentari Riuniti', 'Via Ludovico il Moro 22', 'Bergamo', '', '24100', 'Italien'),
(10276, 'TORTU', 8, '2025-05-03', '2025-05-05', '2025-05-03', 3, '13.84', 'Tortuga network', 'Avda. Azteca 123', 'México D.F.', '', '05033', 'Mexiko'),
(10277, 'MORGK', 2, '2025-05-03', '2025-05-05', '2025-05-03', 3, '125.77', 'Morgenstern Anwaltskanzlei', 'Heerstr. 22', 'Leipzig', '', '04179', 'Deutschland'),
(10278, 'BERGS', 8, '2025-05-03', '2025-05-05', '2025-05-03', 2, '92.69', 'Berglunds Computer', 'Berguvsvägen  8', 'Luleå', '', 'S-958 22', 'Schweden'),
(10279, 'LEHMS', 8, '2025-05-12', '2025-05-14', '2025-05-12', 2, '25.83', 'Lehmanns Büro', 'Magazinweg 7', 'Frankfurt a.M. ', '', '60528', 'Deutschland'),
(10280, 'BERGS', 2, '2025-05-12', '2025-05-14', '2025-05-12', 1, '8.98', 'Berglunds Computer', 'Berguvsvägen  8', 'Luleå', '', 'S-958 22', 'Schweden'),
(10281, 'ROMEY', 4, '2025-05-12', '2025-05-14', '2025-05-12', 1, '12.94', 'Romero y tomillo', 'Gran Vía, 1', 'Madrid', '', '28001', 'Spanien'),
(10282, 'ROMEY', 4, '2025-05-12', '2025-05-14', '2025-05-12', 1, '12.69', 'Romero y tomillo', 'Gran Vía, 1', 'Madrid', '', '28001', 'Spanien'),
(10283, 'LILAS', 3, '2025-06-02', '2025-06-05', '2025-06-02', 3, '84.81', 'LILA-Supermercado', 'Carrera 52 con Ave. Bolívar #65-98 Llano Largo', 'Barquisimeto', 'Lara', '3508', 'Venezuela'),
(10284, 'LEHMS', 4, '2025-06-02', '2025-06-05', '2025-06-02', 1, '76.56', 'Lehmanns Büro', 'Magazinweg 7', 'Frankfurt a.M. ', '', '60528', 'Deutschland'),
(10285, 'QUICK', 1, '2025-06-02', '2025-06-05', '2025-06-02', 2, '76.83', 'QUICK-Stop', 'Taucherstraße 10', 'Cunewalde', '', '01307', 'Deutschland'),
(10286, 'QUICK', 8, '2025-06-02', '2025-06-05', '2025-06-02', 3, '229.24', 'QUICK-Stop', 'Taucherstraße 10', 'Cunewalde', '', '01307', 'Deutschland'),
(10287, 'RICAR', 8, '2025-06-02', '2025-06-05', '2025-06-02', 3, '12.76', 'Ricardo Adocicados', 'Av. Copacabana, 267', 'Rio de Janeiro', 'RJ', '02389-890', 'Brasilien'),
(10288, 'REGGC', 4, '2025-06-02', '2025-06-05', '2025-06-02', 1, '17.45', 'Reggiani Caseifici', 'Strada Provinciale 124', 'Reggio Emilia', '', '42100', 'Italien'),
(10289, 'BSBEV', 7, '2025-07-05', '2025-07-07', '2025-07-05', 3, '22.77', 'B''s Applicatoin', 'Fauntleroy Circus', 'London', '', 'EC2 5NT', 'Großbritannien'),
(10290, 'COMMI', 8, '2025-07-05', '2025-07-07', '2025-07-05', 1, '79.70', 'Comércio Mineiro', 'Av. dos Lusíadas, 23', 'São Paulo', 'SP', '05432-043', 'Brasilien'),
(10291, 'QUEDE', 6, '2025-07-05', '2025-07-07', '2025-07-05', 2, '16.40', 'Que Delícia', 'Rua da Panificadora, 12', 'Rio de Janeiro', 'RJ', '02389-673', 'Brasilien'),
(10292, 'TRADH', 1, '2025-07-05', '2025-07-07', '2025-07-05', 2, '21.35', 'Tradição digitale', 'Av. Inês de Castro, 414', 'São Paulo', 'SP', '05634-030', 'Brasilien'),
(10293, 'TORTU', 1, '2025-07-05', '2025-07-07', '2025-07-05', 3, '21.18', 'Tortuga network', 'Avda. Azteca 123', 'México D.F.', '', '05033', 'Mexiko'),
(10294, 'RATTC', 4, '2025-07-05', '2025-07-07', '2025-07-05', 2, '147.26', 'Rattlesnake Canyon consulting', '2817 Milton Dr.', 'Albuquerque', 'NM', '87110', 'USA'),
(10295, 'VINET', 2, '2025-07-05', '2025-07-07', '2025-07-05', 2, '11.15', 'Vins et alcools Chevalier', '59 rue de l''Abbaye', 'Reims', '', '51100', 'Frankreich'),
(10296, 'LILAS', 6, '2025-07-05', '2025-07-07', '2025-07-05', 1, '22.12', 'LILA-Supermercado', 'Carrera 52 con Ave. Bolívar #65-98 Llano Largo', 'Barquisimeto', 'Lara', '3508', 'Venezuela'),
(10297, 'BLONP', 5, '2025-08-09', '2025-08-12', '2025-08-09', 2, '15.74', 'Blondel Consult', '24, place Kléber', 'Strasbourg', '', '67000', 'Frankreich'),
(10298, 'HUNGO', 6, '2025-08-09', '2025-08-12', '2025-08-09', 2, '168.22', 'Nicht Owl All-Night Service', '8 Johnstown Road', 'Cork', 'Co. Cork', '', 'Irland'),
(10299, 'RICAR', 4, '2025-08-09', '2025-08-12', '2025-08-09', 2, '29.76', 'Ricardo Adocicados', 'Av. Copacabana, 267', 'Rio de Janeiro', 'RJ', '02389-890', 'Brasilien'),
(10300, 'MAGAA', 2, '2025-08-09', '2025-08-12', '2025-08-09', 2, '17.68', 'Magazzini Alimentari Riuniti', 'Via Ludovico il Moro 22', 'Bergamo', '', '24100', 'Italien'),
(10301, 'WANDK', 8, '2025-08-09', '2025-08-12', '2025-08-09', 2, '45.08', 'Die IT Spezialisten', 'Adenauerallee 900', 'Stuttgart', '', '70563', 'Deutschland'),
(10302, 'SUPRD', 4, '2025-08-09', '2025-08-12', '2025-08-09', 2, '16.27', 'Suprêmes Consulting', 'Boulevard Tirou, 255', 'Charleroi', '', 'B-6000', 'Belgien'),
(10303, 'GODOS', 7, '2025-08-09', '2025-08-12', '2025-08-09', 2, '107.83', 'Godos USB', 'C/ Romero, 33', 'Sevilla', '', '41101', 'Spanien'),
(10304, 'TORTU', 1, '2025-08-09', '2025-08-12', '2025-08-09', 2, '63.79', 'Tortuga network', 'Avda. Azteca 123', 'México D.F.', '', '05033', 'Mexiko'),
(10305, 'OLDWO', 8, '2025-08-09', '2025-08-12', '2025-08-09', 3, '257.62', 'Old World Support', '2743 Bering St.', 'Anchorage', 'AK', '99508', 'USA'),
(10306, 'ROMEY', 1, '2025-09-03', '2025-09-06', '2025-09-03', 3, '17.56', 'Romero y tomillo', 'Gran Vía, 1', 'Madrid', '', '28001', 'Spanien'),
(10307, 'LONEP', 2, '2025-09-03', '2025-09-06', '2025-09-03', 2, '10.56', 'Lonesome digital Rider', '89 Chiaroscuro Rd.', 'Portland', 'OR', '97219', 'USA'),
(10308, 'ANATR', 7, '2025-09-03', '2025-09-06', '2025-09-03', 3, '21.61', 'Ana Trujillo Expo', 'Avda. de la Constitución 2222', 'México D.F.', '', '05021', 'Mexiko'),
(10309, 'HUNGO', 3, '2025-09-03', '2025-09-06', '2025-09-03', 1, '47.30', 'Nicht Owl All-Night Service', '8 Johnstown Road', 'Cork', 'Co. Cork', '', 'Irland'),
(10310, 'THEBI', 8, '2025-09-03', '2025-09-06', '2025-09-03', 2, '17.52', 'The Big Apple', '89 Jefferson Way\r\nSuite 2', 'Portland', 'OR', '97201', 'USA'),
(10311, 'DUMON', 1, '2025-09-03', '2025-09-06', '2025-09-03', 3, '24.69', 'Du monde entier', '67, rue des Cinquante Otages', 'Nantes', '', '44000', 'Frankreich'),
(10312, 'WANDK', 2, '2025-09-03', '2025-09-06', '2025-09-03', 2, '40.26', 'Die IT Spezialisten', 'Adenauerallee 900', 'Stuttgart', '', '70563', 'Deutschland'),
(10313, 'QUICK', 2, '2025-09-03', '2025-09-06', '2025-09-03', 2, '7.96', 'QUICK-Stop', 'Taucherstraße 10', 'Cunewalde', '', '01307', 'Deutschland'),
(10314, 'RATTC', 1, '2025-09-03', '2025-09-06', '2025-09-03', 2, '74.16', 'Rattlesnake Canyon consulting', '2817 Milton Dr.', 'Albuquerque', 'NM', '87110', 'USA'),
(10315, 'ISLAT', 4, '2025-09-03', '2025-09-06', '2025-09-03', 2, '41.76', 'Island Trading', 'Garden House\r\nCrowther Way', 'Cowes', 'Isle of Wight', 'PO31 7PJ', 'Großbritannien'),
(10316, 'RATTC', 1, '2025-09-03', '2025-09-06', '2025-09-03', 3, '150.15', 'Rattlesnake Canyon consulting', '2817 Milton Dr.', 'Albuquerque', 'NM', '87110', 'USA'),
(10317, 'LONEP', 6, '2025-09-03', '2025-09-06', '2025-09-03', 1, '12.69', 'Lonesome digital Rider', '89 Chiaroscuro Rd.', 'Portland', 'OR', '97219', 'USA'),
(10318, 'ISLAT', 8, '2025-09-03', '2025-09-06', '2025-09-03', 2, '14.73', 'Island Trading', 'Garden House\r\nCrowther Way', 'Cowes', 'Isle of Wight', 'PO31 7PJ', 'Großbritannien'),
(10319, 'TORTU', 7, '2025-09-03', '2025-09-06', '2025-09-03', 3, '64.50', 'Tortuga network', 'Avda. Azteca 123', 'México D.F.', '', '05033', 'Mexiko'),
(10320, 'WARTH', 5, '2025-09-03', '2025-09-06', '2025-09-03', 3, '34.57', 'Wartian Herkku', 'Torikatu 38', 'Oulu', '', '90110', 'Finnland'),
(10321, 'ISLAT', 3, '2025-09-03', '2025-09-06', '2025-09-03', 2, '13.43', 'Island Trading', 'Garden House\r\nCrowther Way', 'Cowes', 'Isle of Wight', 'PO31 7PJ', 'Großbritannien'),
(10322, 'PERIC', 7, '2025-09-03', '2025-09-06', '2025-09-03', 3, '10.40', 'Pericles Comidas clásicas', 'Calle Dr. Jorge Cash 321', 'México D.F.', '', '05033', 'Mexiko'),
(10323, 'KOENE', 4, '2025-10-04', '2025-10-07', '2025-10-04', 1, '7.90', 'IT-Beratung', 'Maubelstr. 90', 'Brandenburg', '', '14776', 'Deutschland'),
(10324, 'SAVEA', 9, '2025-10-04', '2025-10-07', '2025-10-04', 1, '214.27', 'Save-a-lot Markets', '187 Suffolk Ln.', 'Boise', 'ID', '83720', 'USA'),
(10325, 'KOENE', 1, '2025-10-04', '2025-10-07', '2025-10-04', 3, '64.86', 'IT-Beratung', 'Maubelstr. 90', 'Brandenburg', '', '14776', 'Deutschland'),
(10326, 'BOLID', 4, '2025-10-04', '2025-10-07', '2025-10-04', 2, '77.92', 'Bólido Computer', 'C/ Araquil, 67', 'Madrid', '', '28023', 'Spanien'),
(10327, 'FOLKO', 2, '2025-10-04', '2025-10-07', '2025-10-04', 1, '63.36', 'Folk och fä HB', 'Åkergatan 24', 'Bräcke', '', 'S-844 67', 'Schweden'),
(10328, 'FURIB', 4, '2025-10-04', '2025-10-07', '2025-10-04', 3, '87.03', 'Furia Bacalhau', 'Jardim das rosas n. 32', 'Lisboa', '', '1675', 'Portugal'),
(10329, 'SPLIR', 4, '2025-10-04', '2025-10-07', '2025-10-04', 2, '191.67', 'Split Rail Beer & Ale', 'P.O. Box 555', 'Lander', 'WY', '82520', 'USA'),
(10330, 'LILAS', 3, '2025-10-04', '2025-10-07', '2025-10-04', 1, '12.75', 'LILA-Supermercado', 'Carrera 52 con Ave. Bolívar #65-98 Llano Largo', 'Barquisimeto', 'Lara', '3508', 'Venezuela'),
(10331, 'BONAP', 9, '2025-10-04', '2025-10-07', '2025-10-04', 1, '10.19', 'Bon App', '12, rue des Bouchers', 'Marseille', '', '13008', 'Frankreich'),
(10332, 'MEREP', 3, '2025-10-04', '2025-10-07', '2025-10-04', 2, '52.84', 'Mère Paillarde', '43 rue St. Laurent', 'Montréal', 'Québec', 'H1J 1C3', 'Kanada'),
(10333, 'WARTH', 5, '2025-10-04', '2025-10-07', '2025-10-04', 3, '20.59', 'Wartian Herkku', 'Torikatu 38', 'Oulu', '', '90110', 'Finnland'),
(10334, 'VICTE', 8, '2025-10-04', '2025-10-07', '2025-10-04', 2, '18.56', 'Victuailles en stock', '2, rue du Commerce', 'Lyon', '', '69004', 'Frankreich'),
(10335, 'HUNGO', 7, '2025-10-04', '2025-10-07', '2025-10-04', 2, '42.11', 'Nicht Owl All-Night Service', '8 Johnstown Road', 'Cork', 'Co. Cork', '', 'Irland'),
(10336, 'PRINI', 7, '2025-10-04', '2025-10-07', '2025-10-04', 2, '15.51', 'Princesa Isabel Vinhos', 'Estrada da saúde n. 58', 'Lisboa', '', '1756', 'Portugal'),
(10337, 'FRANK', 4, '2025-10-04', '2025-10-07', '2025-10-04', 3, '108.26', 'Frankenversand', 'Berliner Platz 43', 'München', '', '80805', 'Deutschland'),
(10338, 'OLDWO', 4, '2025-11-02', '2025-11-05', '2025-11-02', 3, '84.21', 'Old World Support', '2743 Bering St.', 'Anchorage', 'AK', '99508', 'USA'),
(10339, 'MEREP', 2, '2025-11-02', '2025-11-05', '2025-11-02', 2, '15.66', 'Mère Paillarde', '43 rue St. Laurent', 'Montréal', 'Québec', 'H1J 1C3', 'Kanada'),
(10340, 'BONAP', 1, '2025-11-02', '2025-11-05', '2025-11-02', 3, '166.31', 'Bon App', '12, rue des Bouchers', 'Marseille', '', '13008', 'Frankreich'),
(10341, 'SIMOB', 7, '2025-11-02', '2025-11-05', '2025-11-02', 3, '26.78', 'Simons bistro', 'Vinbæltet 34', 'København', '', '1734', 'Dänemark'),
(10342, 'FRANK', 4, '2025-11-02', '2025-11-05', '2025-11-02', 2, '54.83', 'Frankenversand', 'Berliner Platz 43', 'München', '', '80805', 'Deutschland'),
(10343, 'LEHMS', 4, '2025-11-02', '2025-11-05', '2025-11-02', 1, '110.37', 'Lehmanns Büro', 'Magazinweg 7', 'Frankfurt a.M. ', '', '60528', 'Deutschland'),
(10344, 'WHITC', 4, '2025-11-02', '2025-11-05', '2025-11-02', 2, '23.29', 'White Clover Markets', '1029 - 12th Ave. S.', 'Seattle', 'WA', '98124', 'USA'),
(10345, 'QUICK', 2, '2025-11-02', '2025-11-05', '2025-11-02', 2, '249.06', 'QUICK-Stop', 'Taucherstraße 10', 'Cunewalde', '', '01307', 'Deutschland'),
(10346, 'RATTC', 3, '2025-11-02', '2025-11-05', '2025-11-02', 3, '142.08', 'Rattlesnake Canyon consulting', '2817 Milton Dr.', 'Albuquerque', 'NM', '87110', 'USA'),
(10347, 'FAMIA', 4, '2025-11-02', '2025-11-05', '2025-11-02', 3, '12.10', 'Familia Arquibaldo', 'Rua Orós, 92', 'São Paulo', 'SP', '05442-030', 'Brasilien'),
(10348, 'WANDK', 4, '2025-11-02', '2025-11-05', '2025-11-02', 2, '5.78', 'Die IT Spezialisten', 'Adenauerallee 900', 'Stuttgart', '', '70563', 'Deutschland'),
(10349, 'SPLIR', 7, '2025-11-05', '2025-11-08', '2025-11-05', 1, '18.63', 'Split Rail Beer & Ale', 'P.O. Box 555', 'Lander', 'WY', '82520', 'USA'),
(10350, 'LAMAI', 6, '2025-11-05', '2025-11-08', '2025-11-05', 2, '64.19', 'La maison d''Asie', '1 rue Alsace-Lorraine', 'Toulouse', '', '31000', 'Frankreich'),
(10351, 'ERNSH', 1, '2025-11-05', '2025-11-08', '2025-11-05', 1, '162.33', 'Ernst Handel', 'Kirchgasse 6', 'Graz', '', '8010', 'Österreich'),
(10352, 'FURIB', 3, '2025-11-05', '2025-11-08', '2025-11-05', 3, '11.30', 'Furia Bacalhau', 'Jardim das rosas n. 32', 'Lisboa', '', '1675', 'Portugal'),
(10353, 'PICCO', 7, '2025-11-05', '2025-11-08', '2025-11-05', 3, '360.63', 'Beratung und mehr', 'Geislweg 14', 'Salzburg', '', '5020', 'Österreich'),
(10354, 'PERIC', 8, '2025-11-05', '2025-11-08', '2025-11-05', 3, '53.80', 'Pericles Comidas clásicas', 'Calle Dr. Jorge Cash 321', 'México D.F.', '', '05033', 'Mexiko'),
(10355, 'AROUT', 6, '2025-11-05', '2025-11-08', '2025-11-05', 1, '41.95', 'Systems Hanover inc.', 'Brook Farm\r\nStratford St. Mary', 'Colchester', 'Essex', 'CO7 6JX', 'Großbritannien'),
(10356, 'WANDK', 6, '2025-11-05', '2025-11-08', '2025-11-05', 2, '36.71', 'Die IT Spezialisten', 'Adenauerallee 900', 'Stuttgart', '', '70563', 'Deutschland'),
(10357, 'LILAS', 1, '2025-11-05', '2025-11-08', '2025-11-05', 3, '34.88', 'LILA-Supermercado', 'Carrera 52 con Ave. Bolívar #65-98 Llano Largo', 'Barquisimeto', 'Lara', '3508', 'Venezuela'),
(10358, 'LAMAI', 5, '2025-11-05', '2025-11-08', '2025-11-05', 1, '19.64', 'La maison d''Asie', '1 rue Alsace-Lorraine', 'Toulouse', '', '31000', 'Frankreich'),
(10359, 'SEVES', 5, '2025-11-05', '2025-11-08', '2025-11-05', 3, '288.43', 'Seven Seas Imports', '90 Wadhurst Rd.', 'London', '', 'OX15 4NB', 'Großbritannien'),
(10360, 'BLONP', 4, '2025-12-06', '2025-12-10', '2025-12-06', 3, '131.70', 'Blondel Consult', '24, place Kléber', 'Strasbourg', '', '67000', 'Frankreich'),
(10361, 'QUICK', 1, '2025-12-06', '2025-12-10', '2025-12-06', 2, '183.17', 'QUICK-Stop', 'Taucherstraße 10', 'Cunewalde', '', '01307', 'Deutschland'),
(10362, 'BONAP', 3, '2025-12-06', '2025-12-10', '2025-12-06', 1, '96.04', 'Bon App', '12, rue des Bouchers', 'Marseille', '', '13008', 'Frankreich'),
(10363, 'DRACD', 4, '2025-12-06', '2025-12-10', '2025-12-06', 3, '30.54', 'Drachenblut Computerspiele', 'Walserweg 21', 'Aachen', '', '52066', 'Deutschland'),
(10364, 'EASTC', 1, '2025-12-06', '2025-12-10', '2025-12-06', 1, '71.97', 'Eastern Connection', '35 King George', 'London', '', 'WX3 6FW', 'Großbritannien'),
(10365, 'ANTON', 3, '2025-12-06', '2025-12-10', '2025-12-06', 2, '22.00', 'Antonio Moreno IT', 'Mataderos  2312', 'México D.F.', '', '05023', 'Mexiko'),
(10366, 'GALED', 8, '2025-12-06', '2025-12-10', '2025-12-06', 2, '10.14', 'Galería del IT', 'Rambla de Cataluña, 23', 'Barcelona', '', '8022', 'Spanien'),
(10367, 'VAFFE', 7, '2025-12-06', '2025-12-10', '2025-12-06', 3, '13.55', 'Vaffeljernet', 'Smagsløget 45', 'Århus', '', '8200', 'Dänemark'),
(10368, 'ERNSH', 2, '2025-12-06', '2025-12-10', '2025-12-06', 2, '101.95', 'Ernst Handel', 'Kirchgasse 6', 'Graz', '', '8010', 'Österreich'),
(10369, 'SPLIR', 8, '2025-12-06', '2025-12-10', '2025-12-06', 2, '195.68', 'Split Rail Beer & Ale', 'P.O. Box 555', 'Lander', 'WY', '82520', 'USA'),
(10370, 'CHOPS', 6, '2025-12-06', '2025-12-10', '2025-12-06', 2, '12.17', 'Huawei Outlet', 'Hauptstr. 31', 'Bern', '', '3012', 'Schweiz'),
(10371, 'LAMAI', 1, '2025-12-06', '2025-12-10', '2025-12-06', 1, '9.45', 'La maison d''Asie', '1 rue Alsace-Lorraine', 'Toulouse', '', '31000', 'Frankreich'),
(10372, 'QUEEN', 5, '2025-12-06', '2025-12-10', '2025-12-06', 2, '890.78', 'Queen storage', 'Alameda dos Canàrios, 891', 'São Paulo', 'SP', '05487-020', 'Brasilien'),
(10373, 'HUNGO', 4, '2025-12-06', '2025-12-10', '2025-12-06', 3, '124.12', 'Nicht Owl All-Night Service', '8 Johnstown Road', 'Cork', 'Co. Cork', '', 'Irland'),
(10374, 'WOLZA', 1, '2025-12-06', '2025-12-10', '2025-12-06', 3, '13.94', 'Wolski  Zajazd', 'ul. Filtrowa 68', 'Warszawa', '', '01-012', 'Polen'),
(10375, 'HUNGC', 3, '2025-12-10', '2025-12-15', '2025-12-10', 2, '20.12', 'Angry Coyote Import Store', 'City Center Plaza\r\n516 Main St.', 'Elgin', 'OR', '97827', 'USA'),
(10376, 'MEREP', 1, '2025-12-10', '2025-12-15', '2025-12-10', 2, '20.39', 'Mère Paillarde', '43 rue St. Laurent', 'Montréal', 'Québec', 'H1J 1C3', 'Kanada'),
(10377, 'SEVES', 1, '2025-12-10', '2025-12-15', '2025-12-10', 3, '22.21', 'Seven Seas Imports', '90 Wadhurst Rd.', 'London', '', 'OX15 4NB', 'Großbritannien'),
(10378, 'FOLKO', 5, '2025-12-10', '2025-12-15', '2025-12-10', 3, '15.44', 'Folk och fä HB', 'Åkergatan 24', 'Bräcke', '', 'S-844 67', 'Schweden'),
(10379, 'QUEDE', 2, '2025-12-10', '2025-12-15', '2025-12-10', 1, '45.03', 'Que Delícia', 'Rua da Panificadora, 12', 'Rio de Janeiro', 'RJ', '02389-673', 'Brasilien'),
(10380, 'HUNGO', 8, '2024-12-02', '2024-12-02', '2024-12-02', 3, '35.03', 'Nicht Owl All-Night Service', '8 Johnstown Road', 'Cork', 'Co. Cork', '', 'Irland'),
(10381, 'LILAS', 3, '2025-12-10', '2025-12-15', '2025-12-10', 3, '37.99', 'LILA-Supermercado', 'Carrera 52 con Ave. Bolívar #65-98 Llano Largo', 'Barquisimeto', 'Lara', '3508', 'Venezuela'),
(10382, 'ERNSH', 4, '2025-12-10', '2025-12-15', '2025-12-10', 1, '94.77', 'Ernst Handel', 'Kirchgasse 6', 'Graz', '', '8010', 'Österreich'),
(10383, 'AROUT', 8, '2025-12-10', '2025-12-15', '2025-12-10', 3, '34.24', 'Systems Hanover inc.', 'Brook Farm\r\nStratford St. Mary', 'Colchester', 'Essex', 'CO7 6JX', 'Großbritannien'),
(10384, 'BERGS', 3, '2025-12-10', '2025-12-15', '2025-12-10', 3, '168.64', 'Berglunds Computer', 'Berguvsvägen  8', 'Luleå', '', 'S-958 22', 'Schweden'),
(10385, 'SPLIR', 1, '2025-12-10', '2025-12-15', '2025-12-10', 2, '30.96', 'Split Rail Beer & Ale', 'P.O. Box 555', 'Lander', 'WY', '82520', 'USA'),
(10386, 'FAMIA', 9, '2025-12-10', '2025-12-15', '2025-12-10', 3, '13.99', 'Familia Arquibaldo', 'Rua Orós, 92', 'São Paulo', 'SP', '05442-030', 'Brasilien'),
(10387, 'SANTG', 1, '2025-12-10', '2025-12-15', '2025-12-10', 2, '93.63', 'Santé Solution', 'Erling Skakkes gate 78', 'Stavern', '', '4110', 'Norwegen'),
(10388, 'SEVES', 2, '2025-12-10', '2025-12-15', '2025-12-10', 1, '34.86', 'Seven Seas Imports', '90 Wadhurst Rd.', 'London', '', 'OX15 4NB', 'Großbritannien'),
(10389, 'BOTTM', 4, '2025-12-10', '2025-12-15', '2025-12-10', 2, '47.42', 'Bottom-Dollar Markets', '23 Tsawassen Blvd.', 'Tsawassen', 'BC', 'T2F 8M4', 'Kanada'),
(10390, 'ERNSH', 6, '2025-12-10', '2025-12-15', '2025-12-10', 1, '126.38', 'Ernst Handel', 'Kirchgasse 6', 'Graz', '', '8010', 'Österreich'),
(10391, 'DRACD', 3, '2025-12-10', '2025-12-15', '2025-12-10', 3, '5.45', 'Drachenblut Computerspiele', 'Walserweg 21', 'Aachen', '', '52066', 'Deutschland'),
(10392, 'PICCO', 2, '2024-12-02', '2024-12-02', '2024-12-02', 3, '122.46', 'Beratung und mehr', 'Geislweg 14', 'Salzburg', '', '5020', 'Österreich'),
(10393, 'SAVEA', 1, '2024-12-02', '2024-12-02', '2024-12-02', 3, '126.56', 'Save-a-lot Markets', '187 Suffolk Ln.', 'Boise', 'ID', '83720', 'USA'),
(10394, 'HUNGC', 1, '2024-12-02', '2024-12-02', '2024-12-02', 3, '30.34', 'Angry Coyote Import Store', 'City Center Plaza\r\n516 Main St.', 'Elgin', 'OR', '97827', 'USA'),
(10395, 'HILAA', 6, '2024-12-02', '2024-12-02', '2024-12-02', 1, '184.41', 'HILARIÓN-Abastos', 'Carrera 22 con Ave. Carlos Soublette #8-35', 'San Cristóbal', 'Táchira', '5022', 'Venezuela'),
(10396, 'FRANK', 1, '2024-12-02', '2024-12-02', '2024-12-02', 3, '135.35', 'Frankenversand', 'Berliner Platz 43', 'München', '', '80805', 'Deutschland'),
(10397, 'PRINI', 5, '2024-12-02', '2024-12-02', '2024-12-02', 1, '60.26', 'Princesa Isabel Vinhos', 'Estrada da saúde n. 58', 'Lisboa', '', '1756', 'Portugal'),
(10398, 'SAVEA', 2, '2024-12-02', '2024-12-02', '2024-12-02', 3, '89.16', 'Save-a-lot Markets', '187 Suffolk Ln.', 'Boise', 'ID', '83720', 'USA'),
(10399, 'VAFFE', 8, '2024-12-02', '2024-12-02', '2024-12-02', 3, '27.36', 'Vaffeljernet', 'Smagsløget 45', 'Århus', '', '8200', 'Dänemark'),
(10400, 'EASTC', 1, '2024-12-02', '2024-12-02', '2024-12-02', 3, '83.93', 'Eastern Connection', '35 King George', 'London', '', 'WX3 6FW', 'Großbritannien'),
(10401, 'RATTC', 1, '2024-12-02', '2024-12-02', '2024-12-02', 1, '12.51', 'Rattlesnake Canyon consulting', '2817 Milton Dr.', 'Albuquerque', 'NM', '87110', 'USA'),
(10402, 'ERNSH', 8, '2024-12-02', '2024-12-02', '2024-12-02', 2, '67.88', 'Ernst Handel', 'Kirchgasse 6', 'Graz', '', '8010', 'Österreich'),
(10403, 'ERNSH', 4, '2024-12-02', '2024-12-02', '2024-12-02', 3, '73.79', 'Ernst Handel', 'Kirchgasse 6', 'Graz', '', '8010', 'Österreich'),
(10404, 'MAGAA', 2, '2024-12-02', '2024-12-02', '2024-12-02', 1, '155.97', 'Magazzini Alimentari Riuniti', 'Via Ludovico il Moro 22', 'Bergamo', '', '24100', 'Italien'),
(10405, 'LINOD', 1, '2024-12-02', '2024-12-02', '2024-12-02', 1, '34.82', 'LINO-Technic', 'Ave. 5 de Mayo Porlamar', 'I. de Margarita', 'Nueva Esparta', '4980', 'Venezuela'),
(10406, 'QUEEN', 7, '2024-12-02', '2024-12-02', '2024-12-02', 1, '108.04', 'Queen storage', 'Alameda dos Canàrios, 891', 'São Paulo', 'SP', '05487-020', 'Brasilien'),
(10407, 'OTTIK', 2, '2024-12-02', '2024-12-02', '2024-12-02', 2, '91.48', 'Ottilies Netzwerke', 'Mehrheimerstr. 369', 'Köln', '', '50739', 'Deutschland'),
(10408, 'FOLIG', 8, '2024-12-02', '2024-12-02', '2024-12-02', 1, '11.26', 'Folies IT', '184, chaussée de Tournai', 'Lille', '', '59000', 'Frankreich'),
(10409, 'OCEAN', 3, '2024-12-02', '2024-12-02', '2024-12-02', 1, '29.83', 'Océano Atlántico Ltda.', 'Ing. Gustavo Moncada 8585\r\nPiso 20-A', 'Buenos Aires', '', '1010', 'Argentinien'),
(10410, 'BOTTM', 3, '2024-12-02', '2024-12-02', '2024-12-02', 3, '22.40', 'Bottom-Dollar Markets', '23 Tsawassen Blvd.', 'Tsawassen', 'BC', 'T2F 8M4', 'Kanada'),
(10411, 'BOTTM', 9, '2024-12-02', '2024-12-02', '2024-12-02', 3, '23.65', 'Bottom-Dollar Markets', '23 Tsawassen Blvd.', 'Tsawassen', 'BC', 'T2F 8M4', 'Kanada'),
(10412, 'WARTH', 8, '2024-12-02', '2024-12-02', '2024-12-02', 2, '17.77', 'Wartian Herkku', 'Torikatu 38', 'Oulu', '', '90110', 'Finnland'),
(10413, 'LAMAI', 3, '2024-12-02', '2024-12-02', '2024-12-02', 2, '95.66', 'La maison d''Asie', '1 rue Alsace-Lorraine', 'Toulouse', '', '31000', 'Frankreich'),
(10414, 'FAMIA', 2, '2024-12-02', '2024-12-02', '2024-12-02', 3, '21.48', 'Familia Arquibaldo', 'Rua Orós, 92', 'São Paulo', 'SP', '05442-030', 'Brasilien'),
(10415, 'HUNGC', 3, '2024-12-02', '2024-12-02', '2024-12-02', 1, '30.20', 'Angry Coyote Import Store', 'City Center Plaza\r\n516 Main St.', 'Elgin', 'OR', '97827', 'USA'),
(10416, 'WARTH', 8, '2024-12-02', '2024-12-02', '2024-12-02', 3, '22.72', 'Wartian Herkku', 'Torikatu 38', 'Oulu', '', '90110', 'Finnland'),
(10417, 'SIMOB', 4, '2024-12-02', '2024-12-02', '2024-12-02', 3, '70.29', 'Simons bistro', 'Vinbæltet 34', 'København', '', '1734', 'Dänemark'),
(10418, 'QUICK', 4, '2024-12-02', '2024-12-02', '2024-12-02', 1, '17.55', 'QUICK-Stop', 'Taucherstraße 10', 'Cunewalde', '', '01307', 'Deutschland'),
(10419, 'RICSU', 4, '2024-12-02', '2024-12-02', '2024-12-02', 2, '137.35', 'Richter Beratung', 'Starenweg 5', 'Genève', '', '1204', 'Schweiz'),
(10420, 'WELLI', 3, '2024-12-02', '2024-12-02', '2024-12-02', 1, '44.12', 'Wellington Importadora', 'Rua do Mercado, 12', 'Resende', 'SP', '08737-363', 'Brasilien'),
(10421, 'QUEDE', 8, '2024-12-02', '2024-12-02', '2024-12-02', 1, '99.23', 'Que Delícia', 'Rua da Panificadora, 12', 'Rio de Janeiro', 'RJ', '02389-673', 'Brasilien'),
(10422, 'FRANS', 2, '2024-12-02', '2024-12-02', '2024-12-02', 1, '12.02', 'Franchi S.p.A.', 'Via Monte Bianco 34', 'Torino', '', '10100', 'Italien'),
(10423, 'GOURL', 6, '2024-12-02', '2024-12-02', '2024-12-02', 3, '24.50', 'Systems Lanchonetes', 'Av. Brasil, 442', 'Campinas', 'SP', '04876-786', 'Brasilien'),
(10424, 'MEREP', 7, '2024-12-02', '2024-12-02', '2024-12-02', 2, '370.61', 'Mère Paillarde', '43 rue St. Laurent', 'Montréal', 'Québec', 'H1J 1C3', 'Kanada'),
(10425, 'LAMAI', 6, '2024-12-02', '2024-12-02', '2024-12-02', 2, '11.93', 'La maison d''Asie', '1 rue Alsace-Lorraine', 'Toulouse', '', '31000', 'Frankreich'),
(10426, 'GALED', 4, '2024-12-02', '2024-12-02', '2024-12-02', 1, '18.69', 'Galería del IT', 'Rambla de Cataluña, 23', 'Barcelona', '', '8022', 'Spanien'),
(10427, 'PICCO', 4, '2024-12-02', '2024-12-02', '2024-12-02', 2, '31.29', 'Beratung und mehr', 'Geislweg 14', 'Salzburg', '', '5020', 'Österreich'),
(10428, 'REGGC', 7, '2024-12-02', '2024-12-02', '2024-12-02', 1, '11.09', 'Reggiani Caseifici', 'Strada Provinciale 124', 'Reggio Emilia', '', '42100', 'Italien'),
(10429, 'HUNGO', 3, '2024-12-02', '2024-12-02', '2024-12-02', 2, '56.63', 'Nicht Owl All-Night Service', '8 Johnstown Road', 'Cork', 'Co. Cork', '', 'Irland'),
(10430, 'ERNSH', 4, '2024-12-02', '2024-12-02', '2024-12-02', 1, '458.78', 'Ernst Handel', 'Kirchgasse 6', 'Graz', '', '8010', 'Österreich'),
(10431, 'BOTTM', 4, '2024-12-02', '2024-12-02', '2024-12-02', 2, '44.17', 'Bottom-Dollar Markets', '23 Tsawassen Blvd.', 'Tsawassen', 'BC', 'T2F 8M4', 'Kanada'),
(10432, 'SPLIR', 3, '2024-12-02', '2024-12-02', '2024-12-02', 2, '14.34', 'Split Rail Beer & Ale', 'P.O. Box 555', 'Lander', 'WY', '82520', 'USA'),
(10433, 'PRINI', 3, '2024-12-02', '2024-12-02', '2024-12-02', 3, '73.83', 'Princesa Isabel Vinhos', 'Estrada da saúde n. 58', 'Lisboa', '', '1756', 'Portugal'),
(10434, 'FOLKO', 3, '2024-12-02', '2024-12-02', '2024-12-02', 2, '17.92', 'Folk och fä HB', 'Åkergatan 24', 'Bräcke', '', 'S-844 67', 'Schweden'),
(10435, 'CONSH', 8, '2024-12-02', '2024-12-02', '2024-12-02', 2, '12.21', 'Consolidated Holdings', 'Berkeley Gardens\r\n12  Brewery ', 'London', '', 'WX1 6LT', 'Großbritannien'),
(10436, 'BLONP', 3, '2024-12-02', '2024-12-02', '2024-12-02', 2, '156.66', 'Blondel Consult', '24, place Kléber', 'Strasbourg', '', '67000', 'Frankreich'),
(10437, 'WARTH', 8, '2024-12-02', '2024-12-02', '2024-12-02', 1, '19.97', 'Wartian Herkku', 'Torikatu 38', 'Oulu', '', '90110', 'Finnland'),
(10438, 'TOMSP', 3, '2024-12-02', '2024-12-02', '2024-12-02', 2, '8.24', 'Toms Computerbude', 'Luisenstr. 48', 'Münster', '', '44087', 'Deutschland'),
(10439, 'MEREP', 6, '2024-12-02', '2024-12-02', '2024-12-02', 3, '14.07', 'Mère Paillarde', '43 rue St. Laurent', 'Montréal', 'Québec', 'H1J 1C3', 'Kanada'),
(10440, 'SAVEA', 4, '2024-12-02', '2024-12-02', '2024-12-02', 2, '86.53', 'Save-a-lot Markets', '187 Suffolk Ln.', 'Boise', 'ID', '83720', 'USA'),
(10441, 'OLDWO', 3, '2024-12-02', '2024-12-02', '2024-12-02', 2, '73.02', 'Old World Support', '2743 Bering St.', 'Anchorage', 'AK', '99508', 'USA'),
(10442, 'ERNSH', 3, '2024-12-02', '2024-12-02', '2024-12-02', 2, '47.94', 'Ernst Handel', 'Kirchgasse 6', 'Graz', '', '8010', 'Österreich'),
(10443, 'REGGC', 8, '2024-12-02', '2024-12-02', '2024-12-02', 1, '13.95', 'Reggiani Caseifici', 'Strada Provinciale 124', 'Reggio Emilia', '', '42100', 'Italien'),
(10444, 'BERGS', 3, '2024-12-02', '2024-12-02', '2024-12-02', 3, '13.50', 'Berglunds Computer', 'Berguvsvägen  8', 'Luleå', '', 'S-958 22', 'Schweden'),
(10445, 'BERGS', 3, '2024-12-02', '2024-12-02', '2024-12-02', 1, '19.30', 'Berglunds Computer', 'Berguvsvägen  8', 'Luleå', '', 'S-958 22', 'Schweden'),
(10446, 'TOMSP', 6, '2024-12-02', '2024-12-02', '2024-12-02', 1, '14.68', 'Toms Computerbude', 'Luisenstr. 48', 'Münster', '', '44087', 'Deutschland'),
(10447, 'RICAR', 4, '2024-12-02', '2024-12-02', '2024-12-02', 2, '68.66', 'Ricardo Adocicados', 'Av. Copacabana, 267', 'Rio de Janeiro', 'RJ', '02389-890', 'Brasilien'),
(10448, 'RANCH', 4, '2024-12-02', '2024-12-02', '2024-12-02', 2, '38.82', 'Technico grande', 'Av. del Libertador 900', 'Buenos Aires', '', '1010', 'Argentinien'),
(10449, 'BLONP', 3, '2024-12-02', '2024-12-02', '2024-12-02', 2, '53.30', 'Blondel Consult', '24, place Kléber', 'Strasbourg', '', '67000', 'Frankreich'),
(10450, 'VICTE', 8, '2024-12-02', '2024-12-02', '2024-12-02', 6, '11.23', 'Victuailles en stock', '2, rue du Commerce', 'Lyon', '', '69004', 'Frankreich'),
(10451, 'QUICK', 4, '2024-12-02', '2024-12-02', '2024-12-02', 3, '189.09', 'QUICK-Stop', 'Taucherstraße 10', 'Cunewalde', '', '01307', 'Deutschland'),
(10452, 'SAVEA', 8, '2024-12-02', '2024-12-02', '2024-12-02', 1, '140.26', 'Save-a-lot Markets', '187 Suffolk Ln.', 'Boise', 'ID', '83720', 'USA'),
(10453, 'AROUT', 1, '2024-12-02', '2024-12-02', '2024-12-02', 2, '25.36', 'Systems Hanover inc.', 'Brook Farm\r\nStratford St. Mary', 'Colchester', 'Essex', 'CO7 6JX', 'Großbritannien'),
(10454, 'LAMAI', 4, '2024-12-02', '2024-12-02', '2024-12-02', 3, '12.74', 'La maison d''Asie', '1 rue Alsace-Lorraine', 'Toulouse', '', '31000', 'Frankreich'),
(10455, 'WARTH', 8, '2024-12-02', '2024-12-02', '2024-12-02', 2, '180.45', 'Wartian Herkku', 'Torikatu 38', 'Oulu', '', '90110', 'Finnland'),
(10456, 'KOENE', 8, '2024-12-02', '2024-12-02', '2024-12-02', 2, '8.12', 'IT-Beratung', 'Maubelstr. 90', 'Brandenburg', '', '14776', 'Deutschland'),
(10457, 'KOENE', 2, '2024-12-02', '2024-12-02', '2024-12-02', 1, '11.57', 'IT-Beratung', 'Maubelstr. 90', 'Brandenburg', '', '14776', 'Deutschland'),
(10458, 'SUPRD', 7, '2024-12-02', '2024-12-02', '2024-12-02', 3, '147.06', 'Suprêmes Consulting', 'Boulevard Tirou, 255', 'Charleroi', '', 'B-6000', 'Belgien'),
(10459, 'VICTE', 4, '2024-12-02', '2024-12-02', '2024-12-02', 2, '25.09', 'Victuailles en stock', '2, rue du Commerce', 'Lyon', '', '69004', 'Frankreich'),
(10460, 'FOLKO', 8, '2024-12-02', '2024-12-02', '2024-12-02', 1, '16.27', 'Folk och fä HB', 'Åkergatan 24', 'Bräcke', '', 'S-844 67', 'Schweden'),
(10461, 'LILAS', 1, '2024-12-02', '2024-12-02', '2024-12-02', 3, '148.61', 'LILA-Supermercado', 'Carrera 52 con Ave. Bolívar #65-98 Llano Largo', 'Barquisimeto', 'Lara', '3508', 'Venezuela'),
(10462, 'CONSH', 2, '2024-12-02', '2024-12-02', '2024-12-02', 1, '13.17', 'Consolidated Holdings', 'Berkeley Gardens\r\n12  Brewery ', 'London', '', 'WX1 6LT', 'Großbritannien'),
(10463, 'SUPRD', 5, '2024-12-02', '2024-12-02', '2024-12-02', 3, '114.78', 'Suprêmes Consulting', 'Boulevard Tirou, 255', 'Charleroi', '', 'B-6000', 'Belgien'),
(10464, 'FURIB', 4, '2024-12-02', '2024-12-02', '2024-12-02', 2, '89.00', 'Furia Bacalhau', 'Jardim das rosas n. 32', 'Lisboa', '', '1675', 'Portugal'),
(10465, 'VAFFE', 1, '2024-12-02', '2024-12-02', '2024-12-02', 3, '145.04', 'Vaffeljernet', 'Smagsløget 45', 'Århus', '', '8200', 'Dänemark'),
(10466, 'COMMI', 4, '2024-12-02', '2024-12-02', '2024-12-02', 1, '11.93', 'Comércio Mineiro', 'Av. dos Lusíadas, 23', 'São Paulo', 'SP', '05432-043', 'Brasilien'),
(10467, 'MAGAA', 8, '2024-12-02', '2024-12-02', '2024-12-02', 2, '9.93', 'Magazzini Alimentari Riuniti', 'Via Ludovico il Moro 22', 'Bergamo', '', '24100', 'Italien'),
(10468, 'KOENE', 3, '2024-12-02', '2024-12-02', '2024-12-02', 3, '44.12', 'IT-Beratung', 'Maubelstr. 90', 'Brandenburg', '', '14776', 'Deutschland'),
(10469, 'WHITC', 1, '2024-12-02', '2024-12-02', '2024-12-02', 1, '60.18', 'White Clover Markets', '1029 - 12th Ave. S.', 'Seattle', 'WA', '98124', 'USA'),
(10470, 'BONAP', 4, '2024-12-02', '2024-12-02', '2024-12-02', 2, '64.56', 'Bon App', '12, rue des Bouchers', 'Marseille', '', '13008', 'Frankreich'),
(10471, 'BSBEV', 2, '2024-12-02', '2024-12-02', '2024-12-02', 3, '45.59', 'B''s Applicatoin', 'Fauntleroy Circus', 'London', '', 'EC2 5NT', 'Großbritannien'),
(10472, 'SEVES', 8, '2024-12-02', '2024-12-02', '2024-12-02', 1, '14.20', 'Seven Seas Imports', '90 Wadhurst Rd.', 'London', '', 'OX15 4NB', 'Großbritannien'),
(10473, 'ISLAT', 1, '2024-12-02', '2024-12-02', '2024-12-02', 3, '16.37', 'Island Trading', 'Garden House\r\nCrowther Way', 'Cowes', 'Isle of Wight', 'PO31 7PJ', 'Großbritannien'),
(10474, 'PERIC', 5, '2024-12-02', '2024-12-02', '2024-12-02', 2, '83.49', 'Pericles Comidas clásicas', 'Calle Dr. Jorge Cash 321', 'México D.F.', '', '05033', 'Mexiko'),
(10475, 'SUPRD', 9, '2024-12-02', '2024-12-02', '2024-12-02', 1, '68.52', 'Suprêmes Consulting', 'Boulevard Tirou, 255', 'Charleroi', '', 'B-6000', 'Belgien'),
(10476, 'HILAA', 8, '2024-12-02', '2024-12-02', '2024-12-02', 3, '24.41', 'HILARIÓN-Abastos', 'Carrera 22 con Ave. Carlos Soublette #8-35', 'San Cristóbal', 'Táchira', '5022', 'Venezuela'),
(10477, 'PRINI', 5, '2024-12-02', '2024-12-02', '2024-12-02', 2, '13.02', 'Princesa Isabel Vinhos', 'Estrada da saúde n. 58', 'Lisboa', '', '1756', 'Portugal'),
(10478, 'VICTE', 2, '2024-12-02', '2024-12-02', '2024-12-02', 3, '9.81', 'Victuailles en stock', '2, rue du Commerce', 'Lyon', '', '69004', 'Frankreich'),
(10479, 'RATTC', 3, '2024-12-02', '2024-12-02', '2024-12-02', 3, '708.95', 'Rattlesnake Canyon consulting', '2817 Milton Dr.', 'Albuquerque', 'NM', '87110', 'USA'),
(10480, 'FOLIG', 6, '2024-12-02', '2024-12-02', '2024-12-02', 2, '11.35', 'Folies IT', '184, chaussée de Tournai', 'Lille', '', '59000', 'Frankreich'),
(10481, 'RICAR', 8, '2024-12-02', '2024-12-02', '2024-12-02', 2, '64.33', 'Ricardo Adocicados', 'Av. Copacabana, 267', 'Rio de Janeiro', 'RJ', '02389-890', 'Brasilien'),
(10482, 'LAZYK', 1, '2024-12-02', '2024-12-02', '2024-12-02', 3, '17.48', 'Lazy K Kountry Store', '12 Orchestra Terrace', 'Walla Walla', 'WA', '99362', 'USA'),
(10483, 'WHITC', 7, '2024-12-02', '2024-12-02', '2024-12-02', 2, '15.28', 'White Clover Markets', '1029 - 12th Ave. S.', 'Seattle', 'WA', '98124', 'USA'),
(10484, 'BSBEV', 3, '2024-12-02', '2024-12-02', '2024-12-02', 3, '16.95', 'B''s Applicatoin', 'Fauntleroy Circus', 'London', '', 'EC2 5NT', 'Großbritannien'),
(10485, 'LINOD', 4, '2024-12-02', '2024-12-02', '2024-12-02', 2, '64.45', 'LINO-Technic', 'Ave. 5 de Mayo Porlamar', 'I. de Margarita', 'Nueva Esparta', '4980', 'Venezuela'),
(10486, 'HILAA', 1, '2024-12-02', '2024-12-02', '2024-12-02', 2, '30.53', 'HILARIÓN-Abastos', 'Carrera 22 con Ave. Carlos Soublette #8-35', 'San Cristóbal', 'Táchira', '5022', 'Venezuela'),
(10487, 'QUEEN', 2, '2024-12-02', '2024-12-02', '2024-12-02', 2, '71.07', 'Queen storage', 'Alameda dos Canàrios, 891', 'São Paulo', 'SP', '05487-020', 'Brasilien'),
(10488, 'FRANK', 8, '2024-12-02', '2024-12-02', '2024-12-02', 6, '9.93', 'Frankenversand', 'Berliner Platz 43', 'München', '', '80805', 'Deutschland'),
(10489, 'PICCO', 6, '2024-12-02', '2024-12-02', '2024-12-02', 2, '15.29', 'Beratung und mehr', 'Geislweg 14', 'Salzburg', '', '5020', 'Österreich'),
(10490, 'HILAA', 7, '2024-12-02', '2024-12-02', '2024-12-02', 2, '210.19', 'HILARIÓN-Abastos', 'Carrera 22 con Ave. Carlos Soublette #8-35', 'San Cristóbal', 'Táchira', '5022', 'Venezuela'),
(10491, 'FURIB', 8, '2024-12-02', '2024-12-02', '2024-12-02', 3, '16.96', 'Furia Bacalhau', 'Jardim das rosas n. 32', 'Lisboa', '', '1675', 'Portugal'),
(10492, 'BOTTM', 3, '2024-12-02', '2024-12-02', '2024-12-02', 1, '62.89', 'Bottom-Dollar Markets', '23 Tsawassen Blvd.', 'Tsawassen', 'BC', 'T2F 8M4', 'Kanada'),
(10493, 'LAMAI', 4, '2024-12-02', '2024-12-02', '2024-12-02', 3, '10.64', 'La maison d''Asie', '1 rue Alsace-Lorraine', 'Toulouse', '', '31000', 'Frankreich'),
(10494, 'COMMI', 4, '2024-12-02', '2024-12-02', '2024-12-02', 2, '65.99', 'Comércio Mineiro', 'Av. dos Lusíadas, 23', 'São Paulo', 'SP', '05432-043', 'Brasilien'),
(10495, 'LAUGB', 3, '2024-12-02', '2024-12-02', '2024-12-02', 3, '14.65', 'Consulting LA', '2319 Elm St.', 'Vancouver', 'BC', 'V3F 2K1', 'Kanada'),
(10496, 'TRADH', 7, '2024-12-02', '2024-12-02', '2024-12-02', 2, '46.77', 'Tradição digitale', 'Av. Inês de Castro, 414', 'São Paulo', 'SP', '05634-030', 'Brasilien'),
(10497, 'LEHMS', 7, '2024-12-02', '2024-12-02', '2024-12-02', 1, '36.21', 'Lehmanns Büro', 'Magazinweg 7', 'Frankfurt a.M. ', '', '60528', 'Deutschland'),
(10498, 'HILAA', 8, '2024-12-02', '2024-12-02', '2024-12-02', 2, '29.75', 'HILARIÓN-Abastos', 'Carrera 22 con Ave. Carlos Soublette #8-35', 'San Cristóbal', 'Táchira', '5022', 'Venezuela'),
(10499, 'LILAS', 4, '2024-12-02', '2024-12-02', '2024-12-02', 2, '102.02', 'LILA-Supermercado', 'Carrera 52 con Ave. Bolívar #65-98 Llano Largo', 'Barquisimeto', 'Lara', '3508', 'Venezuela'),
(10500, 'LAMAI', 6, '2024-12-02', '2024-12-02', '2024-12-02', 1, '42.68', 'La maison d''Asie', '1 rue Alsace-Lorraine', 'Toulouse', '', '31000', 'Frankreich'),
(10501, 'BLAUS', 9, '2024-12-02', '2024-12-02', '2024-12-02', 3, '8.85', 'Blauer See Komponenten', 'Forsterstr. 57', 'Mannheim', '', '68306', 'Deutschland'),
(10502, 'PERIC', 2, '2024-12-02', '2024-12-02', '2024-12-02', 1, '69.32', 'Pericles Comidas clásicas', 'Calle Dr. Jorge Cash 321', 'México D.F.', '', '05033', 'Mexiko'),
(10503, 'HUNGO', 6, '2024-12-02', '2024-12-02', '2024-12-02', 2, '16.74', 'Nicht Owl All-Night Service', '8 Johnstown Road', 'Cork', 'Co. Cork', '', 'Irland'),
(10504, 'WHITC', 4, '2024-12-02', '2024-12-02', '2024-12-02', 3, '59.13', 'White Clover Markets', '1029 - 12th Ave. S.', 'Seattle', 'WA', '98124', 'USA'),
(10505, 'MEREP', 3, '2024-12-02', '2024-12-02', '2024-12-02', 3, '17.13', 'Mère Paillarde', '43 rue St. Laurent', 'Montréal', 'Québec', 'H1J 1C3', 'Kanada'),
(10506, 'KOENE', 9, '2024-12-02', '2024-12-02', '2024-12-02', 2, '21.19', 'IT-Beratung', 'Maubelstr. 90', 'Brandenburg', '', '14776', 'Deutschland'),
(10507, 'ANTON', 7, '2024-12-02', '2024-12-02', '2024-12-02', 1, '47.45', 'Antonio Moreno IT', 'Mataderos  2312', 'México D.F.', '', '05023', 'Mexiko'),
(10508, 'OTTIK', 1, '2024-12-02', '2024-12-02', '2024-12-02', 5, '5.99', 'Ottilies Netzwerke', 'Mehrheimerstr. 369', 'Köln', '', '50739', 'Deutschland'),
(10509, 'BLAUS', 4, '2024-12-02', '2024-12-02', '2024-12-02', 1, '10.15', 'Blauer See Komponenten', 'Forsterstr. 57', 'Mannheim', '', '68306', 'Deutschland'),
(10510, 'SAVEA', 6, '2024-12-02', '2024-12-02', '2024-12-02', 3, '367.63', 'Save-a-lot Markets', '187 Suffolk Ln.', 'Boise', 'ID', '83720', 'USA'),
(10511, 'BONAP', 4, '2024-12-02', '2024-12-02', '2024-12-02', 3, '350.64', 'Bon App', '12, rue des Bouchers', 'Marseille', '', '13008', 'Frankreich'),
(10512, 'FAMIA', 7, '2024-12-02', '2024-12-02', '2024-12-02', 2, '31.53', 'Familia Arquibaldo', 'Rua Orós, 92', 'São Paulo', 'SP', '05442-030', 'Brasilien'),
(10513, 'WANDK', 7, '2024-12-02', '2024-12-02', '2024-12-02', 7, '105.65', 'Die IT Spezialisten', 'Adenauerallee 900', 'Stuttgart', '', '70563', 'Deutschland'),
(10514, 'ERNSH', 3, '2024-12-02', '2024-12-02', '2024-12-02', 2, '789.95', 'Ernst Handel', 'Kirchgasse 6', 'Graz', '', '8010', 'Österreich'),
(10515, 'QUICK', 2, '2024-12-02', '2024-12-02', '2024-12-02', 1, '204.47', 'QUICK-Stop', 'Taucherstraße 10', 'Cunewalde', '', '01307', 'Deutschland'),
(10516, 'HUNGO', 2, '2024-12-02', '2024-12-02', '2024-12-02', 3, '62.78', 'Nicht Owl All-Night Service', '8 Johnstown Road', 'Cork', 'Co. Cork', '', 'Irland'),
(10517, 'NORTS', 3, '2024-12-02', '2024-12-02', '2024-12-02', 3, '32.07', 'North/South', 'South House\r\n300 Queensbridge', 'London', '', 'SW7 1RZ', 'Großbritannien'),
(10518, 'TORTU', 4, '2024-12-02', '2024-12-02', '2024-12-02', 2, '218.15', 'Tortuga network', 'Avda. Azteca 123', 'México D.F.', '', '05033', 'Mexiko'),
(10519, 'CHOPS', 6, '2024-12-02', '2024-12-02', '2024-12-02', 3, '91.76', 'Huawei Outlet', 'Hauptstr. 31', 'Bern', '', '3012', 'Schweiz'),
(10520, 'SANTG', 7, '2024-12-02', '2024-12-02', '2024-12-02', 1, '13.37', 'Santé Solution', 'Erling Skakkes gate 78', 'Stavern', '', '4110', 'Norwegen'),
(10521, 'CACTU', 8, '2024-12-02', '2024-12-02', '2024-12-02', 2, '17.22', 'Cactus Tablet Store', 'Cerrito 333', 'Buenos Aires', '', '1010', 'Argentinien'),
(10522, 'LEHMS', 4, '2024-12-02', '2024-12-02', '2024-12-02', 4, '45.33', 'Lehmanns Büro', 'Magazinweg 7', 'Frankfurt a.M. ', '', '60528', 'Deutschland'),
(10523, 'SEVES', 7, '2024-12-02', '2024-12-02', '2024-12-02', 2, '77.63', 'Seven Seas Imports', '90 Wadhurst Rd.', 'London', '', 'OX15 4NB', 'Großbritannien'),
(10524, 'BERGS', 1, '2024-12-02', '2024-12-02', '2024-12-02', 2, '244.79', 'Berglunds Computer', 'Berguvsvägen  8', 'Luleå', '', 'S-958 22', 'Schweden'),
(10525, 'BONAP', 1, '2024-12-02', '2024-12-02', '2024-12-02', 2, '11.06', 'Bon App', '12, rue des Bouchers', 'Marseille', '', '13008', 'Frankreich'),
(10526, 'WARTH', 4, '2024-12-02', '2024-12-02', '2024-12-02', 2, '58.59', 'Wartian Herkku', 'Torikatu 38', 'Oulu', '', '90110', 'Finnland'),
(10527, 'QUICK', 7, '2024-12-02', '2024-12-02', '2024-12-02', 1, '41.90', 'QUICK-Stop', 'Taucherstraße 10', 'Cunewalde', '', '01307', 'Deutschland'),
(10528, 'GREAL', 6, '2024-12-02', '2024-12-02', '2024-12-02', 2, '13.35', 'Great Lakes Component Market', '2732 Baker Blvd.', 'Eugene', 'OR', '97403', 'USA'),
(10529, 'MAISD', 5, '2024-12-02', '2024-12-02', '2024-12-02', 2, '66.69', 'Maison Dewey', 'Rue Joseph-Bens 532', 'Bruxelles', '', 'B-1180', 'Belgien'),
(10530, 'PICCO', 3, '2024-12-02', '2024-12-02', '2024-12-02', 2, '339.22', 'Beratung und mehr', 'Geislweg 14', 'Salzburg', '', '5020', 'Österreich'),
(10531, 'OCEAN', 7, '2024-12-02', '2024-12-02', '2024-12-02', 1, '18.12', 'Océano Atlántico Ltda.', 'Ing. Gustavo Moncada 8585\r\nPiso 20-A', 'Buenos Aires', '', '1010', 'Argentinien'),
(10532, 'EASTC', 7, '2024-12-02', '2024-12-02', '2024-12-02', 3, '74.46', 'Eastern Connection', '35 King George', 'London', '', 'WX3 6FW', 'Großbritannien'),
(10533, 'FOLKO', 8, '2024-12-02', '2024-12-02', '2024-12-02', 1, '188.04', 'Folk och fä HB', 'Åkergatan 24', 'Bräcke', '', 'S-844 67', 'Schweden'),
(10534, 'LEHMS', 8, '2024-12-02', '2024-12-02', '2024-12-02', 2, '27.94', 'Lehmanns Büro', 'Magazinweg 7', 'Frankfurt a.M. ', '', '60528', 'Deutschland'),
(10535, 'ANTON', 4, '2024-12-02', '2024-12-02', '2024-12-02', 1, '15.64', 'Antonio Moreno IT', 'Mataderos  2312', 'México D.F.', '', '05023', 'Mexiko'),
(10536, 'LEHMS', 3, '2024-12-02', '2024-12-02', '2024-12-02', 2, '58.55', 'Lehmanns Büro', 'Magazinweg 7', 'Frankfurt a.M. ', '', '60528', 'Deutschland'),
(10537, 'RICSU', 1, '2024-12-02', '2024-12-02', '2024-12-02', 1, '78.85', 'Richter Beratung', 'Starenweg 5', 'Genève', '', '1204', 'Schweiz'),
(10538, 'BSBEV', 9, '2024-12-02', '2024-12-02', '2024-12-02', 3, '41.87', 'B''s Applicatoin', 'Fauntleroy Circus', 'London', '', 'EC2 5NT', 'Großbritannien'),
(10539, 'BSBEV', 6, '2024-12-02', '2024-12-02', '2024-12-02', 3, '12.36', 'B''s Applicatoin', 'Fauntleroy Circus', 'London', '', 'EC2 5NT', 'Großbritannien'),
(10540, 'QUICK', 3, '2024-12-02', '2024-12-02', '2024-12-02', 3, '107.64', 'QUICK-Stop', 'Taucherstraße 10', 'Cunewalde', '', '01307', 'Deutschland'),
(10541, 'HANAR', 2, '2024-12-02', '2024-12-02', '2024-12-02', 1, '68.65', 'Bookkeepers', 'Rua do Paço, 67', 'Rio de Janeiro', 'RJ', '05454-876', 'Brasilien'),
(10542, 'KOENE', 1, '2024-12-02', '2024-12-02', '2024-12-02', 3, '10.95', 'IT-Beratung', 'Maubelstr. 90', 'Brandenburg', '', '14776', 'Deutschland'),
(10543, 'LILAS', 8, '2024-12-02', '2024-12-02', '2024-12-02', 2, '48.17', 'LILA-Supermercado', 'Carrera 52 con Ave. Bolívar #65-98 Llano Largo', 'Barquisimeto', 'Lara', '3508', 'Venezuela'),
(10544, 'LONEP', 4, '2024-12-02', '2024-12-02', '2024-12-02', 1, '24.91', 'Lonesome digital Rider', '89 Chiaroscuro Rd.', 'Portland', 'OR', '97219', 'USA'),
(10545, 'LAZYK', 8, '2024-12-02', '2024-12-02', '2024-12-02', 2, '11.92', 'Lazy K Kountry Store', '12 Orchestra Terrace', 'Walla Walla', 'WA', '99362', 'USA'),
(10546, 'VICTE', 1, '2024-12-02', '2024-12-02', '2024-12-02', 3, '194.72', 'Victuailles en stock', '2, rue du Commerce', 'Lyon', '', '69004', 'Frankreich'),
(10547, 'SEVES', 3, '2024-12-02', '2024-12-02', '2024-12-02', 2, '178.43', 'Seven Seas Imports', '90 Wadhurst Rd.', 'London', '', 'OX15 4NB', 'Großbritannien'),
(10548, 'TOMSP', 3, '2024-12-02', '2024-12-02', '2024-12-02', 2, '9.43', 'Toms Computerbude', 'Luisenstr. 48', 'Münster', '', '44087', 'Deutschland'),
(10549, 'QUICK', 5, '2024-12-02', '2024-12-02', '2024-12-02', 1, '71.24', 'QUICK-Stop', 'Taucherstraße 10', 'Cunewalde', '', '01307', 'Deutschland'),
(10550, 'GODOS', 7, '2024-12-02', '2024-12-02', '2024-12-02', 3, '14.32', 'Godos USB', 'C/ Romero, 33', 'Sevilla', '', '41101', 'Spanien'),
(10551, 'FURIB', 4, '2024-12-02', '2024-12-02', '2024-12-02', 3, '72.95', 'Furia Bacalhau', 'Jardim das rosas n. 32', 'Lisboa', '', '1675', 'Portugal'),
(10552, 'HILAA', 2, '2024-12-02', '2024-12-02', '2024-12-02', 1, '83.22', 'HILARIÓN-Abastos', 'Carrera 22 con Ave. Carlos Soublette #8-35', 'San Cristóbal', 'Táchira', '5022', 'Venezuela'),
(10553, 'WARTH', 2, '2024-12-02', '2024-12-02', '2024-12-02', 2, '149.49', 'Wartian Herkku', 'Torikatu 38', 'Oulu', '', '90110', 'Finnland'),
(10554, 'OTTIK', 4, '2024-12-02', '2024-12-02', '2024-12-02', 3, '120.97', 'Ottilies Netzwerke', 'Mehrheimerstr. 369', 'Köln', '', '50739', 'Deutschland'),
(10555, 'SAVEA', 6, '2024-12-02', '2024-12-02', '2024-12-02', 3, '252.49', 'Save-a-lot Markets', '187 Suffolk Ln.', 'Boise', 'ID', '83720', 'USA'),
(10556, 'SIMOB', 2, '2024-12-02', '2024-12-02', '2024-12-02', 1, '9.80', 'Simons bistro', 'Vinbæltet 34', 'København', '', '1734', 'Dänemark'),
(10557, 'LEHMS', 9, '2024-12-02', '2024-12-02', '2024-12-02', 2, '56.72', 'Lehmanns Büro', 'Magazinweg 7', 'Frankfurt a.M. ', '', '60528', 'Deutschland'),
(10558, 'AROUT', 1, '2024-12-02', '2024-12-02', '2024-12-02', 2, '72.97', 'Systems Hanover inc.', 'Brook Farm\r\nStratford St. Mary', 'Colchester', 'Essex', 'CO7 6JX', 'Großbritannien'),
(10559, 'BLONP', 6, '2024-12-02', '2024-12-02', '2024-12-02', 1, '18.05', 'Blondel Consult', '24, place Kléber', 'Strasbourg', '', '67000', 'Frankreich'),
(10560, 'FRANK', 8, '2024-12-02', '2024-12-02', '2024-12-02', 1, '36.65', 'Frankenversand', 'Berliner Platz 43', 'München', '', '80805', 'Deutschland'),
(10561, 'FOLKO', 2, '2024-12-02', '2024-12-02', '2024-12-02', 2, '242.21', 'Folk och fä HB', 'Åkergatan 24', 'Bräcke', '', 'S-844 67', 'Schweden'),
(10562, 'REGGC', 1, '2024-12-02', '2024-12-02', '2024-12-02', 1, '22.95', 'Reggiani Caseifici', 'Strada Provinciale 124', 'Reggio Emilia', '', '42100', 'Italien'),
(10563, 'RICAR', 2, '2024-12-02', '2024-12-02', '2024-12-02', 2, '60.43', 'Ricardo Adocicados', 'Av. Copacabana, 267', 'Rio de Janeiro', 'RJ', '02389-890', 'Brasilien'),
(10564, 'RATTC', 4, '2024-12-02', '2024-12-02', '2024-12-02', 3, '13.75', 'Rattlesnake Canyon consulting', '2817 Milton Dr.', 'Albuquerque', 'NM', '87110', 'USA'),
(10565, 'MEREP', 8, '2024-12-02', '2024-12-02', '2024-12-02', 2, '15.64', 'Mère Paillarde', '43 rue St. Laurent', 'Montréal', 'Québec', 'H1J 1C3', 'Kanada'),
(10566, 'BLONP', 9, '2024-12-02', '2024-12-02', '2024-12-02', 1, '41.40', 'Blondel Consult', '24, place Kléber', 'Strasbourg', '', '67000', 'Frankreich');
INSERT INTO `bestellung` (`BestellNr`, `KundenCode`, `PersonalNr`, `Bestelldatum`, `Lieferdatum`, `Versanddatum`, `VersandUeber`, `Frachtkosten`, `Empfaenger`, `Strasse`, `Ort`, `Region`, `PLZ`, `Bestimmungsland`) VALUES
(10567, 'HUNGO', 1, '2024-12-02', '2024-12-02', '2024-12-02', 1, '33.97', 'Nicht Owl All-Night Service', '8 Johnstown Road', 'Cork', 'Co. Cork', '', 'Irland'),
(10568, 'GALED', 3, '2024-12-02', '2024-12-02', '2024-12-02', 3, '9.80', 'Galería del IT', 'Rambla de Cataluña, 23', 'Barcelona', '', '8022', 'Spanien'),
(10569, 'RATTC', 5, '2024-12-02', '2024-12-02', '2024-12-02', 1, '58.98', 'Rattlesnake Canyon consulting', '2817 Milton Dr.', 'Albuquerque', 'NM', '87110', 'USA'),
(10570, 'MEREP', 3, '2024-12-02', '2024-12-02', '2024-12-02', 3, '188.99', 'Mère Paillarde', '43 rue St. Laurent', 'Montréal', 'Québec', 'H1J 1C3', 'Kanada'),
(10571, 'ERNSH', 8, '2024-12-02', '2024-12-02', '2024-12-02', 3, '26.06', 'Ernst Handel', 'Kirchgasse 6', 'Graz', '', '8010', 'Österreich'),
(10572, 'BERGS', 3, '2024-12-02', '2024-12-02', '2024-12-02', 2, '110.43', 'Berglunds Computer', 'Berguvsvägen  8', 'Luleå', '', 'S-958 22', 'Schweden'),
(10573, 'ANTON', 7, '2024-12-02', '2024-12-02', '2024-12-02', 3, '64.84', 'Antonio Moreno IT', 'Mataderos  2312', 'México D.F.', '', '05023', 'Mexiko'),
(10574, 'TRAIH', 4, '2024-12-02', '2024-12-02', '2024-12-02', 2, '37.60', 'Trail''s Head Technicians', '722 DaVinci Blvd.', 'Kirkland', 'WA', '98034', 'USA'),
(10575, 'MORGK', 5, '2024-12-02', '2024-12-02', '2024-12-02', 1, '27.34', 'Morgenstern Anwaltskanzlei', 'Heerstr. 22', 'Leipzig', '', '04179', 'Deutschland'),
(10576, 'TORTU', 3, '2024-12-02', '2024-12-02', '2024-12-02', 3, '18.56', 'Tortuga network', 'Avda. Azteca 123', 'México D.F.', '', '05033', 'Mexiko'),
(10577, 'TRAIH', 9, '2024-12-02', '2024-12-02', '2024-12-02', 2, '25.41', 'Trail''s Head Technicians', '722 DaVinci Blvd.', 'Kirkland', 'WA', '98034', 'USA'),
(10578, 'BSBEV', 4, '2024-12-02', '2024-12-02', '2024-12-02', 3, '29.60', 'B''s Applicatoin', 'Fauntleroy Circus', 'London', '', 'EC2 5NT', 'Großbritannien'),
(10579, 'LETSS', 1, '2024-12-02', '2024-12-02', '2024-12-02', 2, '15.64', 'Let''s Stop N Shop', '87 Polk St.\r\nSuite 5', 'San Francisco', 'CA', '94117', 'USA'),
(10580, 'OTTIK', 4, '2024-12-02', '2024-12-02', '2024-12-02', 3, '75.89', 'Ottilies Netzwerke', 'Mehrheimerstr. 369', 'Köln', '', '50739', 'Deutschland'),
(10581, 'FAMIA', 3, '2024-12-02', '2024-12-02', '2024-12-02', 1, '23.01', 'Familia Arquibaldo', 'Rua Orós, 92', 'São Paulo', 'SP', '05442-030', 'Brasilien'),
(10582, 'BLAUS', 3, '2024-12-02', '2024-12-02', '2024-12-02', 2, '27.71', 'Blauer See Komponenten', 'Forsterstr. 57', 'Mannheim', '', '68306', 'Deutschland'),
(10583, 'WARTH', 2, '2024-12-02', '2024-12-02', '2024-12-02', 2, '17.28', 'Wartian Herkku', 'Torikatu 38', 'Oulu', '', '90110', 'Finnland'),
(10584, 'BLONP', 4, '2024-12-02', '2024-12-02', '2024-12-02', 1, '59.14', 'Blondel Consult', '24, place Kléber', 'Strasbourg', '', '67000', 'Frankreich'),
(10585, 'WELLI', 7, '2024-12-02', '2024-12-02', '2024-12-02', 1, '13.41', 'Wellington Importadora', 'Rua do Mercado, 12', 'Resende', 'SP', '08737-363', 'Brasilien'),
(10586, 'REGGC', 9, '2024-12-02', '2024-12-02', '2024-12-02', 1, '10.48', 'Reggiani Caseifici', 'Strada Provinciale 124', 'Reggio Emilia', '', '42100', 'Italien'),
(10587, 'QUEDE', 1, '2024-12-02', '2024-12-02', '2024-12-02', 1, '62.52', 'Que Delícia', 'Rua da Panificadora, 12', 'Rio de Janeiro', 'RJ', '02389-673', 'Brasilien'),
(10588, 'QUICK', 2, '2024-12-02', '2024-12-02', '2024-12-02', 3, '194.67', 'QUICK-Stop', 'Taucherstraße 10', 'Cunewalde', '', '01307', 'Deutschland'),
(10589, 'GREAL', 8, '2024-12-02', '2024-12-02', '2024-12-02', 2, '24.42', 'Great Lakes Component Market', '2732 Baker Blvd.', 'Eugene', 'OR', '97403', 'USA'),
(10590, 'MEREP', 4, '2024-12-02', '2024-12-02', '2024-12-02', 3, '44.77', 'Mère Paillarde', '43 rue St. Laurent', 'Montréal', 'Québec', 'H1J 1C3', 'Kanada'),
(10591, 'VAFFE', 1, '2024-12-02', '2024-12-02', '2024-12-02', 1, '55.92', 'Vaffeljernet', 'Smagsløget 45', 'Århus', '', '8200', 'Dänemark'),
(10592, 'LEHMS', 3, '2024-12-02', '2024-12-02', '2024-12-02', 1, '32.10', 'Lehmanns Büro', 'Magazinweg 7', 'Frankfurt a.M. ', '', '60528', 'Deutschland'),
(10593, 'LEHMS', 7, '2024-12-02', '2024-12-02', '2024-12-02', 2, '174.20', 'Lehmanns Büro', 'Magazinweg 7', 'Frankfurt a.M. ', '', '60528', 'Deutschland'),
(10594, 'OLDWO', 3, '2024-12-02', '2024-12-02', '2024-12-02', 2, '15.24', 'Old World Support', '2743 Bering St.', 'Anchorage', 'AK', '99508', 'USA'),
(10595, 'ERNSH', 2, '2024-12-02', '2024-12-02', '2024-12-02', 1, '96.78', 'Ernst Handel', 'Kirchgasse 6', 'Graz', '', '8010', 'Österreich'),
(10596, 'WHITC', 8, '2024-12-02', '2024-12-02', '2024-12-02', 1, '16.34', 'White Clover Markets', '1029 - 12th Ave. S.', 'Seattle', 'WA', '98124', 'USA'),
(10597, 'PICCO', 7, '2024-12-02', '2024-12-02', '2024-12-02', 3, '35.12', 'Beratung und mehr', 'Geislweg 14', 'Salzburg', '', '5020', 'Österreich'),
(10598, 'RATTC', 1, '2024-12-02', '2024-12-02', '2024-12-02', 3, '44.42', 'Rattlesnake Canyon consulting', '2817 Milton Dr.', 'Albuquerque', 'NM', '87110', 'USA'),
(10599, 'BSBEV', 6, '2024-12-02', '2024-12-02', '2024-12-02', 3, '29.98', 'B''s Applicatoin', 'Fauntleroy Circus', 'London', '', 'EC2 5NT', 'Großbritannien'),
(10600, 'HUNGC', 4, '2024-12-02', '2024-12-02', '2024-12-02', 1, '45.13', 'Angry Coyote Import Store', 'City Center Plaza\r\n516 Main St.', 'Elgin', 'OR', '97827', 'USA'),
(10601, 'HILAA', 7, '2024-12-02', '2024-12-02', '2024-12-02', 1, '58.30', 'HILARIÓN-Abastos', 'Carrera 22 con Ave. Carlos Soublette #8-35', 'San Cristóbal', 'Táchira', '5022', 'Venezuela'),
(10602, 'VAFFE', 8, '2024-12-02', '2024-12-02', '2024-12-02', 2, '12.92', 'Vaffeljernet', 'Smagsløget 45', 'Århus', '', '8200', 'Dänemark'),
(10603, 'SAVEA', 8, '2024-12-02', '2024-12-02', '2024-12-02', 2, '48.77', 'Save-a-lot Markets', '187 Suffolk Ln.', 'Boise', 'ID', '83720', 'USA'),
(10604, 'FURIB', 1, '2024-12-02', '2024-12-02', '2024-12-02', 1, '17.46', 'Furia Bacalhau', 'Jardim das rosas n. 32', 'Lisboa', '', '1675', 'Portugal'),
(10605, 'MEREP', 1, '2024-12-02', '2024-12-02', '2024-12-02', 2, '379.13', 'Mère Paillarde', '43 rue St. Laurent', 'Montréal', 'Québec', 'H1J 1C3', 'Kanada'),
(10606, 'TRADH', 4, '2024-12-02', '2024-12-02', '2024-12-02', 3, '79.40', 'Tradição digitale', 'Av. Inês de Castro, 414', 'São Paulo', 'SP', '05634-030', 'Brasilien'),
(10607, 'SAVEA', 5, '2024-12-02', '2024-12-02', '2024-12-02', 1, '200.24', 'Save-a-lot Markets', '187 Suffolk Ln.', 'Boise', 'ID', '83720', 'USA'),
(10608, 'TOMSP', 4, '2024-12-02', '2024-12-02', '2024-12-02', 2, '27.79', 'Toms Computerbude', 'Luisenstr. 48', 'Münster', '', '44087', 'Deutschland'),
(10609, 'DUMON', 7, '2024-12-02', '2024-12-02', '2024-12-02', 2, '11.85', 'Du monde entier', '67, rue des Cinquante Otages', 'Nantes', '', '44000', 'Frankreich'),
(10610, 'LAMAI', 8, '2024-12-02', '2024-12-02', '2024-12-02', 1, '26.78', 'La maison d''Asie', '1 rue Alsace-Lorraine', 'Toulouse', '', '31000', 'Frankreich'),
(10611, 'WOLZA', 6, '2024-12-02', '2024-12-02', '2024-12-02', 2, '80.65', 'Wolski  Zajazd', 'ul. Filtrowa 68', 'Warszawa', '', '01-012', 'Polen'),
(10612, 'SAVEA', 1, '2024-12-02', '2024-12-02', '2024-12-02', 2, '544.08', 'Save-a-lot Markets', '187 Suffolk Ln.', 'Boise', 'ID', '83720', 'USA'),
(10613, 'HILAA', 4, '2024-12-02', '2024-12-02', '2024-12-02', 2, '28.11', 'HILARIÓN-Abastos', 'Carrera 22 con Ave. Carlos Soublette #8-35', 'San Cristóbal', 'Táchira', '5022', 'Venezuela'),
(10614, 'BLAUS', 8, '2024-12-02', '2024-12-02', '2024-12-02', 3, '7.93', 'Blauer See Komponenten', 'Forsterstr. 57', 'Mannheim', '', '68306', 'Deutschland'),
(10615, 'WILMK', 2, '2024-12-02', '2024-12-02', '2024-12-02', 3, '10.75', 'Wilman Kala', 'Keskuskatu 45', 'Helsinki', '', '21240', 'Finnland'),
(10616, 'GREAL', 1, '2024-12-02', '2024-12-02', '2024-12-02', 2, '116.53', 'Great Lakes Component Market', '2732 Baker Blvd.', 'Eugene', 'OR', '97403', 'USA'),
(10617, 'GREAL', 4, '2024-12-02', '2024-12-02', '2024-12-02', 2, '18.53', 'Great Lakes Component Market', '2732 Baker Blvd.', 'Eugene', 'OR', '97403', 'USA'),
(10618, 'MEREP', 1, '2024-12-02', '2024-12-02', '2024-12-02', 1, '154.68', 'Mère Paillarde', '43 rue St. Laurent', 'Montréal', 'Québec', 'H1J 1C3', 'Kanada'),
(10619, 'MEREP', 3, '2024-12-02', '2024-12-02', '2024-12-02', 3, '91.05', 'Mère Paillarde', '43 rue St. Laurent', 'Montréal', 'Québec', 'H1J 1C3', 'Kanada'),
(10620, 'LAUGB', 2, '2024-12-02', '2024-12-02', '2024-12-02', 3, '10.94', 'Consulting LA', '2319 Elm St.', 'Vancouver', 'BC', 'V3F 2K1', 'Kanada'),
(10621, 'ISLAT', 4, '2024-12-02', '2024-12-02', '2024-12-02', 2, '23.73', 'Island Trading', 'Garden House\r\nCrowther Way', 'Cowes', 'Isle of Wight', 'PO31 7PJ', 'Großbritannien'),
(10622, 'RICAR', 4, '2024-12-02', '2024-12-02', '2024-12-02', 3, '50.97', 'Ricardo Adocicados', 'Av. Copacabana, 267', 'Rio de Janeiro', 'RJ', '02389-890', 'Brasilien'),
(10623, 'FRANK', 8, '2024-12-02', '2024-12-02', '2024-12-02', 2, '97.18', 'Frankenversand', 'Berliner Platz 43', 'München', '', '80805', 'Deutschland'),
(10624, 'THECR', 4, '2024-12-02', '2024-12-02', '2024-12-02', 2, '94.80', 'The Cracker Box', '55 Grizzly Peak Rd.', 'Butte', 'MT', '59801', 'USA'),
(10625, 'ANATR', 3, '2024-12-02', '2024-12-02', '2024-12-02', 1, '43.90', 'Ana Trujillo Expo', 'Avda. de la Constitución 2222', 'México D.F.', '', '05021', 'Mexiko'),
(10626, 'BERGS', 1, '2024-12-02', '2024-12-02', '2024-12-02', 2, '138.69', 'Berglunds Computer', 'Berguvsvägen  8', 'Luleå', '', 'S-958 22', 'Schweden'),
(10627, 'SAVEA', 8, '2024-12-02', '2024-12-02', '2024-12-02', 3, '107.46', 'Save-a-lot Markets', '187 Suffolk Ln.', 'Boise', 'ID', '83720', 'USA'),
(10628, 'BLONP', 4, '2024-12-02', '2024-12-02', '2024-12-02', 3, '30.36', 'Blondel Consult', '24, place Kléber', 'Strasbourg', '', '67000', 'Frankreich'),
(10629, 'GODOS', 4, '2024-12-02', '2024-12-02', '2024-12-02', 3, '85.46', 'Godos USB', 'C/ Romero, 33', 'Sevilla', '', '41101', 'Spanien'),
(10630, 'KOENE', 1, '2024-12-02', '2024-12-02', '2024-12-02', 2, '32.35', 'IT-Beratung', 'Maubelstr. 90', 'Brandenburg', '', '14776', 'Deutschland'),
(10631, 'LAMAI', 8, '2024-12-02', '2024-12-02', '2024-12-02', 1, '10.87', 'La maison d''Asie', '1 rue Alsace-Lorraine', 'Toulouse', '', '31000', 'Frankreich'),
(10632, 'WANDK', 8, '2024-12-02', '2024-12-02', '2024-12-02', 5, '41.38', 'Die IT Spezialisten', 'Adenauerallee 900', 'Stuttgart', '', '70563', 'Deutschland'),
(10633, 'ERNSH', 7, '2024-12-02', '2024-12-02', '2024-12-02', 3, '477.90', 'Ernst Handel', 'Kirchgasse 6', 'Graz', '', '8010', 'Österreich'),
(10634, 'FOLIG', 4, '2024-12-02', '2024-12-02', '2024-12-02', 3, '487.38', 'Folies IT', '184, chaussée de Tournai', 'Lille', '', '59000', 'Frankreich'),
(10635, 'MAGAA', 8, '2024-12-02', '2024-12-02', '2024-12-02', 3, '47.46', 'Magazzini Alimentari Riuniti', 'Via Ludovico il Moro 22', 'Bergamo', '', '24100', 'Italien'),
(10636, 'WARTH', 4, '2024-12-02', '2024-12-02', '2024-12-02', 1, '11.15', 'Wartian Herkku', 'Torikatu 38', 'Oulu', '', '90110', 'Finnland'),
(10637, 'QUEEN', 6, '2024-12-02', '2024-12-02', '2024-12-02', 1, '201.29', 'Queen storage', 'Alameda dos Canàrios, 891', 'São Paulo', 'SP', '05487-020', 'Brasilien'),
(10638, 'LINOD', 3, '2024-12-02', '2024-12-02', '2024-12-02', 1, '158.44', 'LINO-Technic', 'Ave. 5 de Mayo Porlamar', 'I. de Margarita', 'Nueva Esparta', '4980', 'Venezuela'),
(10639, 'SANTG', 7, '2024-12-02', '2024-12-02', '2024-12-02', 3, '38.64', 'Santé Solution', 'Erling Skakkes gate 78', 'Stavern', '', '4110', 'Norwegen'),
(10640, 'WANDK', 4, '2024-12-02', '2024-12-02', '2024-12-02', 1, '23.55', 'Die IT Spezialisten', 'Adenauerallee 900', 'Stuttgart', '', '70563', 'Deutschland'),
(10641, 'HILAA', 4, '2024-12-02', '2024-12-02', '2024-12-02', 2, '179.61', 'HILARIÓN-Abastos', 'Carrera 22 con Ave. Carlos Soublette #8-35', 'San Cristóbal', 'Táchira', '5022', 'Venezuela'),
(10642, 'SIMOB', 7, '2024-12-02', '2024-12-02', '2024-12-02', 3, '41.89', 'Simons bistro', 'Vinbæltet 34', 'København', '', '1734', 'Dänemark'),
(10643, 'ALFKI', 6, '2024-12-02', '2024-12-02', '2024-12-02', 1, '29.46', 'Alfreds Computerclub', 'Obere Str. 57', 'Berlin', '', '12209', 'Deutschland'),
(10644, 'WELLI', 3, '2024-12-02', '2024-12-02', '2024-12-02', 2, '20.14', 'Wellington Importadora', 'Rua do Mercado, 12', 'Resende', 'SP', '08737-363', 'Brasilien'),
(10645, 'HANAR', 4, '2024-12-02', '2024-12-02', '2024-12-02', 1, '12.41', 'Bookkeepers', 'Rua do Paço, 67', 'Rio de Janeiro', 'RJ', '05454-876', 'Brasilien'),
(10646, 'HUNGO', 9, '2024-12-02', '2024-12-02', '2024-12-02', 3, '142.33', 'Nicht Owl All-Night Service', '8 Johnstown Road', 'Cork', 'Co. Cork', '', 'Irland'),
(10647, 'QUEDE', 4, '2024-12-02', '2024-12-02', '2024-12-02', 2, '45.54', 'Que Delícia', 'Rua da Panificadora, 12', 'Rio de Janeiro', 'RJ', '02389-673', 'Brasilien'),
(10648, 'RICAR', 5, '2024-12-02', '2024-12-02', '2024-12-02', 2, '14.25', 'Ricardo Adocicados', 'Av. Copacabana, 267', 'Rio de Janeiro', 'RJ', '02389-890', 'Brasilien'),
(10649, 'MAISD', 5, '2024-12-02', '2024-12-02', '2024-12-02', 3, '12.20', 'Maison Dewey', 'Rue Joseph-Bens 532', 'Bruxelles', '', 'B-1180', 'Belgien'),
(10650, 'FAMIA', 5, '2024-12-02', '2024-12-02', '2024-12-02', 3, '176.81', 'Familia Arquibaldo', 'Rua Orós, 92', 'São Paulo', 'SP', '05442-030', 'Brasilien'),
(10651, 'WANDK', 8, '2024-12-02', '2024-12-02', '2024-12-02', 2, '20.60', 'Die IT Spezialisten', 'Adenauerallee 900', 'Stuttgart', '', '70563', 'Deutschland'),
(10652, 'GOURL', 4, '2024-12-02', '2024-12-02', '2024-12-02', 2, '27.14', 'Systems Lanchonetes', 'Av. Brasil, 442', 'Campinas', 'SP', '04876-786', 'Brasilien'),
(10653, 'FRANK', 1, '2024-12-02', '2024-12-02', '2024-12-02', 1, '93.25', 'Frankenversand', 'Berliner Platz 43', 'München', '', '80805', 'Deutschland'),
(10654, 'BERGS', 5, '2024-12-02', '2024-12-02', '2024-12-02', 1, '55.26', 'Berglunds Computer', 'Berguvsvägen  8', 'Luleå', '', 'S-958 22', 'Schweden'),
(10655, 'REGGC', 1, '2024-12-02', '2024-12-02', '2024-12-02', 2, '14.41', 'Reggiani Caseifici', 'Strada Provinciale 124', 'Reggio Emilia', '', '42100', 'Italien'),
(10656, 'GREAL', 6, '2024-12-02', '2024-12-02', '2024-12-02', 1, '57.15', 'Great Lakes Component Market', '2732 Baker Blvd.', 'Eugene', 'OR', '97403', 'USA'),
(10657, 'SAVEA', 2, '2024-12-02', '2024-12-02', '2024-12-02', 2, '352.69', 'Save-a-lot Markets', '187 Suffolk Ln.', 'Boise', 'ID', '83720', 'USA'),
(10658, 'QUICK', 4, '2024-12-02', '2024-12-02', '2024-12-02', 1, '364.15', 'QUICK-Stop', 'Taucherstraße 10', 'Cunewalde', '', '01307', 'Deutschland'),
(10659, 'QUEEN', 7, '2024-12-02', '2024-12-02', '2024-12-02', 2, '105.81', 'Queen storage', 'Alameda dos Canàrios, 891', 'São Paulo', 'SP', '05487-020', 'Brasilien'),
(10660, 'HUNGC', 8, '2024-12-02', '2024-12-02', '2024-12-02', 1, '111.29', 'Angry Coyote Import Store', 'City Center Plaza\r\n516 Main St.', 'Elgin', 'OR', '97827', 'USA'),
(10661, 'HUNGO', 7, '2024-12-02', '2024-12-02', '2024-12-02', 3, '17.55', 'Nicht Owl All-Night Service', '8 Johnstown Road', 'Cork', 'Co. Cork', '', 'Irland'),
(10662, 'LONEP', 3, '2024-12-02', '2024-12-02', '2024-12-02', 2, '11.28', 'Lonesome digital Rider', '89 Chiaroscuro Rd.', 'Portland', 'OR', '97219', 'USA'),
(10663, 'BONAP', 2, '2024-12-02', '2024-12-02', '2024-12-02', 2, '113.15', 'Bon App', '12, rue des Bouchers', 'Marseille', '', '13008', 'Frankreich'),
(10664, 'FURIB', 1, '2024-12-02', '2024-12-02', '2024-12-02', 3, '11.27', 'Furia Bacalhau', 'Jardim das rosas n. 32', 'Lisboa', '', '1675', 'Portugal'),
(10665, 'LONEP', 1, '2024-12-02', '2024-12-02', '2024-12-02', 2, '26.31', 'Lonesome digital Rider', '89 Chiaroscuro Rd.', 'Portland', 'OR', '97219', 'USA'),
(10666, 'RICSU', 7, '2024-12-02', '2024-12-02', '2024-12-02', 2, '232.42', 'Richter Beratung', 'Starenweg 5', 'Genève', '', '1204', 'Schweiz'),
(10667, 'ERNSH', 7, '2024-12-02', '2024-12-02', '2024-12-02', 1, '78.09', 'Ernst Handel', 'Kirchgasse 6', 'Graz', '', '8010', 'Österreich'),
(10668, 'WANDK', 1, '2024-12-02', '2024-12-02', '2024-12-02', 2, '47.22', 'Die IT Spezialisten', 'Adenauerallee 900', 'Stuttgart', '', '70563', 'Deutschland'),
(10669, 'SIMOB', 2, '2024-12-02', '2024-12-02', '2024-12-02', 1, '24.39', 'Simons bistro', 'Vinbæltet 34', 'København', '', '1734', 'Dänemark'),
(10670, 'FRANK', 4, '2024-12-02', '2024-12-02', '2024-12-02', 1, '203.48', 'Frankenversand', 'Berliner Platz 43', 'München', '', '80805', 'Deutschland'),
(10671, 'FRANR', 1, '2024-12-02', '2024-12-02', '2024-12-02', 1, '30.34', 'France restauration', '54, rue Royale', 'Nantes', '', '44000', 'Frankreich'),
(10672, 'BERGS', 9, '2024-12-02', '2024-12-02', '2024-12-02', 2, '95.75', 'Berglunds Computer', 'Berguvsvägen  8', 'Luleå', '', 'S-958 22', 'Schweden'),
(10673, 'WILMK', 2, '2024-12-02', '2024-12-02', '2024-12-02', 1, '22.76', 'Wilman Kala', 'Keskuskatu 45', 'Helsinki', '', '21240', 'Finnland'),
(10674, 'ISLAT', 4, '2024-12-02', '2024-12-02', '2024-12-02', 2, '10.90', 'Island Trading', 'Garden House\r\nCrowther Way', 'Cowes', 'Isle of Wight', 'PO31 7PJ', 'Großbritannien'),
(10675, 'FRANK', 5, '2024-12-02', '2024-12-02', '2024-12-02', 2, '31.85', 'Frankenversand', 'Berliner Platz 43', 'München', '', '80805', 'Deutschland'),
(10676, 'TORTU', 2, '2024-12-02', '2024-12-02', '2024-12-02', 2, '22.01', 'Tortuga network', 'Avda. Azteca 123', 'México D.F.', '', '05033', 'Mexiko'),
(10677, 'ANTON', 1, '2024-12-02', '2024-12-02', '2024-12-02', 3, '14.03', 'Antonio Moreno IT', 'Mataderos  2312', 'México D.F.', '', '05023', 'Mexiko'),
(10678, 'SAVEA', 7, '2024-12-02', '2024-12-02', '2024-12-02', 3, '388.98', 'Save-a-lot Markets', '187 Suffolk Ln.', 'Boise', 'ID', '83720', 'USA'),
(10679, 'BLONP', 8, '2024-12-02', '2024-12-02', '2024-12-02', 3, '27.94', 'Blondel Consult', '24, place Kléber', 'Strasbourg', '', '67000', 'Frankreich'),
(10680, 'OLDWO', 1, '2024-12-02', '2024-12-02', '2024-12-02', 1, '26.61', 'Old World Support', '2743 Bering St.', 'Anchorage', 'AK', '99508', 'USA'),
(10681, 'GREAL', 3, '2024-12-02', '2024-12-02', '2024-12-02', 3, '76.13', 'Great Lakes Component Market', '2732 Baker Blvd.', 'Eugene', 'OR', '97403', 'USA'),
(10682, 'ANTON', 3, '2024-12-02', '2024-12-02', '2024-12-02', 2, '36.13', 'Antonio Moreno IT', 'Mataderos  2312', 'México D.F.', '', '05023', 'Mexiko'),
(10683, 'DUMON', 2, '2024-12-02', '2024-12-02', '2024-12-02', 1, '14.40', 'Du monde entier', '67, rue des Cinquante Otages', 'Nantes', '', '44000', 'Frankreich'),
(10684, 'OTTIK', 3, '2024-12-02', '2024-12-02', '2024-12-02', 1, '145.63', 'Ottilies Netzwerke', 'Mehrheimerstr. 369', 'Köln', '', '50739', 'Deutschland'),
(10685, 'GOURL', 4, '2024-12-02', '2024-12-02', '2024-12-02', 2, '33.75', 'Systems Lanchonetes', 'Av. Brasil, 442', 'Campinas', 'SP', '04876-786', 'Brasilien'),
(10686, 'PICCO', 2, '2024-12-02', '2024-12-02', '2024-12-02', 1, '96.50', 'Beratung und mehr', 'Geislweg 14', 'Salzburg', '', '5020', 'Österreich'),
(10687, 'HUNGO', 9, '2024-12-02', '2024-12-02', '2024-12-02', 2, '296.43', 'Nicht Owl All-Night Service', '8 Johnstown Road', 'Cork', 'Co. Cork', '', 'Irland'),
(10688, 'VAFFE', 4, '2024-12-02', '2024-12-02', '2024-12-02', 2, '299.09', 'Vaffeljernet', 'Smagsløget 45', 'Århus', '', '8200', 'Dänemark'),
(10689, 'BERGS', 1, '2024-12-02', '2024-12-02', '2024-12-02', 2, '13.42', 'Berglunds Computer', 'Berguvsvägen  8', 'Luleå', '', 'S-958 22', 'Schweden'),
(10690, 'HANAR', 1, '2024-12-02', '2024-12-02', '2024-12-02', 1, '15.80', 'Bookkeepers', 'Rua do Paço, 67', 'Rio de Janeiro', 'RJ', '05454-876', 'Brasilien'),
(10691, 'QUICK', 2, '2024-12-02', '2024-12-02', '2024-12-02', 2, '81.05', 'QUICK-Stop', 'Taucherstraße 10', 'Cunewalde', '', '01307', 'Deutschland'),
(10692, 'ALFKI', 4, '2024-12-02', '2024-12-02', '2024-12-02', 2, '61.02', 'Alfreds Computerclub', 'Obere Str. 57', 'Berlin', '', '12209', 'Deutschland'),
(10693, 'WHITC', 3, '2024-12-02', '2024-12-02', '2024-12-02', 3, '139.34', 'White Clover Markets', '1029 - 12th Ave. S.', 'Seattle', 'WA', '98124', 'USA'),
(10694, 'QUICK', 8, '2024-12-02', '2024-12-02', '2024-12-02', 3, '98.36', 'QUICK-Stop', 'Taucherstraße 10', 'Cunewalde', '', '01307', 'Deutschland'),
(10695, 'WILMK', 7, '2024-12-02', '2024-12-02', '2024-12-02', 1, '16.72', 'Wilman Kala', 'Keskuskatu 45', 'Helsinki', '', '21240', 'Finnland'),
(10696, 'WHITC', 8, '2024-12-02', '2024-12-02', '2024-12-02', 3, '102.55', 'White Clover Markets', '1029 - 12th Ave. S.', 'Seattle', 'WA', '98124', 'USA'),
(10697, 'LINOD', 3, '2024-12-02', '2024-12-02', '2024-12-02', 1, '45.52', 'LINO-Technic', 'Ave. 5 de Mayo Porlamar', 'I. de Margarita', 'Nueva Esparta', '4980', 'Venezuela'),
(10698, 'ERNSH', 4, '2024-12-02', '2024-12-02', '2024-12-02', 1, '72.45', 'Ernst Handel', 'Kirchgasse 6', 'Graz', '', '8010', 'Österreich'),
(10699, 'MORGK', 3, '2024-12-02', '2024-12-02', '2024-12-02', 3, '9.58', 'Morgenstern Anwaltskanzlei', 'Heerstr. 22', 'Leipzig', '', '04179', 'Deutschland'),
(10700, 'SAVEA', 3, '2024-12-02', '2024-12-02', '2024-12-02', 1, '65.10', 'Save-a-lot Markets', '187 Suffolk Ln.', 'Boise', 'ID', '83720', 'USA'),
(10701, 'HUNGO', 6, '2024-12-02', '2024-12-02', '2024-12-02', 3, '120.31', 'Nicht Owl All-Night Service', '8 Johnstown Road', 'Cork', 'Co. Cork', '', 'Irland'),
(10702, 'ALFKI', 4, '2024-12-02', '2024-12-02', '2024-12-02', 1, '23.94', 'Alfreds Computerclub', 'Obere Str. 57', 'Berlin', '', '12209', 'Deutschland'),
(10703, 'FOLKO', 6, '2024-12-02', '2024-12-02', '2024-12-02', 2, '82.30', 'Folk och fä HB', 'Åkergatan 24', 'Bräcke', '', 'S-844 67', 'Schweden'),
(10704, 'QUEEN', 6, '2024-12-02', '2024-12-02', '2024-12-02', 1, '24.78', 'Queen storage', 'Alameda dos Canàrios, 891', 'São Paulo', 'SP', '05487-020', 'Brasilien'),
(10705, 'HILAA', 9, '2024-12-02', '2024-12-02', '2024-12-02', 2, '23.52', 'HILARIÓN-Abastos', 'Carrera 22 con Ave. Carlos Soublette #8-35', 'San Cristóbal', 'Táchira', '5022', 'Venezuela'),
(10706, 'OLDWO', 8, '2024-12-02', '2024-12-02', '2024-12-02', 3, '135.63', 'Old World Support', '2743 Bering St.', 'Anchorage', 'AK', '99508', 'USA'),
(10707, 'AROUT', 4, '2024-12-02', '2024-12-02', '2024-12-02', 3, '21.74', 'Systems Hanover inc.', 'Brook Farm\r\nStratford St. Mary', 'Colchester', 'Essex', 'CO7 6JX', 'Großbritannien'),
(10708, 'THEBI', 6, '2024-12-02', '2024-12-02', '2024-12-02', 2, '32.96', 'The Big Apple', '89 Jefferson Way\r\nSuite 2', 'Portland', 'OR', '97201', 'USA'),
(10709, 'GOURL', 1, '2024-12-02', '2024-12-02', '2024-12-02', 3, '210.80', 'Systems Lanchonetes', 'Av. Brasil, 442', 'Campinas', 'SP', '04876-786', 'Brasilien'),
(10710, 'FRANS', 1, '2024-12-02', '2024-12-02', '2024-12-02', 1, '14.98', 'Franchi S.p.A.', 'Via Monte Bianco 34', 'Torino', '', '10100', 'Italien'),
(10711, 'SAVEA', 5, '2024-12-02', '2024-12-02', '2024-12-02', 2, '52.41', 'Save-a-lot Markets', '187 Suffolk Ln.', 'Boise', 'ID', '83720', 'USA'),
(10712, 'HUNGO', 3, '2024-12-02', '2024-12-02', '2024-12-02', 1, '39.93', 'Nicht Owl All-Night Service', '8 Johnstown Road', 'Cork', 'Co. Cork', '', 'Irland'),
(10713, 'SAVEA', 1, '2024-12-02', '2024-12-02', '2024-12-02', 1, '67.05', 'Save-a-lot Markets', '187 Suffolk Ln.', 'Boise', 'ID', '83720', 'USA'),
(10714, 'SAVEA', 5, '2024-12-02', '2024-12-02', '2024-12-02', 3, '24.49', 'Save-a-lot Markets', '187 Suffolk Ln.', 'Boise', 'ID', '83720', 'USA'),
(10715, 'BONAP', 3, '2024-12-02', '2024-12-02', '2024-12-02', 1, '63.20', 'Bon App', '12, rue des Bouchers', 'Marseille', '', '13008', 'Frankreich'),
(10716, 'RANCH', 4, '2024-12-02', '2024-12-02', '2024-12-02', 2, '22.57', 'Technico grande', 'Av. del Libertador 900', 'Buenos Aires', '', '1010', 'Argentinien'),
(10717, 'FRANK', 1, '2024-12-02', '2024-12-02', '2024-12-02', 2, '59.25', 'Frankenversand', 'Berliner Platz 43', 'München', '', '80805', 'Deutschland'),
(10718, 'KOENE', 1, '2024-12-02', '2024-12-02', '2024-12-02', 3, '70.88', 'IT-Beratung', 'Maubelstr. 90', 'Brandenburg', '', '14776', 'Deutschland'),
(10719, 'LETSS', 8, '2024-12-02', '2024-12-02', '2024-12-02', 2, '51.44', 'Let''s Stop N Shop', '87 Polk St.\r\nSuite 5', 'San Francisco', 'CA', '94117', 'USA'),
(10720, 'QUEDE', 8, '2024-12-02', '2024-12-02', '2024-12-02', 2, '29.53', 'Que Delícia', 'Rua da Panificadora, 12', 'Rio de Janeiro', 'RJ', '02389-673', 'Brasilien'),
(10721, 'QUICK', 5, '2024-12-02', '2024-12-02', '2024-12-02', 3, '48.92', 'QUICK-Stop', 'Taucherstraße 10', 'Cunewalde', '', '01307', 'Deutschland'),
(10722, 'SAVEA', 8, '2024-12-02', '2024-12-02', '2024-12-02', 1, '74.58', 'Save-a-lot Markets', '187 Suffolk Ln.', 'Boise', 'ID', '83720', 'USA'),
(10723, 'WHITC', 3, '2024-12-02', '2024-12-02', '2024-12-02', 1, '21.72', 'White Clover Markets', '1029 - 12th Ave. S.', 'Seattle', 'WA', '98124', 'USA'),
(10724, 'MEREP', 8, '2024-12-02', '2024-12-02', '2024-12-02', 2, '57.75', 'Mère Paillarde', '43 rue St. Laurent', 'Montréal', 'Québec', 'H1J 1C3', 'Kanada'),
(10725, 'FAMIA', 4, '2024-12-02', '2024-12-02', '2024-12-02', 3, '10.83', 'Familia Arquibaldo', 'Rua Orós, 92', 'São Paulo', 'SP', '05442-030', 'Brasilien'),
(10726, 'EASTC', 4, '2024-12-02', '2024-12-02', '2024-12-02', 1, '16.56', 'Eastern Connection', '35 King George', 'London', '', 'WX3 6FW', 'Großbritannien'),
(10727, 'REGGC', 2, '2024-12-02', '2024-12-02', '2024-12-02', 1, '49.90', 'Reggiani Caseifici', 'Strada Provinciale 124', 'Reggio Emilia', '', '42100', 'Italien'),
(10728, 'QUEEN', 4, '2024-12-02', '2024-12-02', '2024-12-02', 2, '58.33', 'Queen storage', 'Alameda dos Canàrios, 891', 'São Paulo', 'SP', '05487-020', 'Brasilien'),
(10729, 'LINOD', 8, '2024-12-02', '2024-12-02', '2024-12-02', 3, '141.06', 'LINO-Technic', 'Ave. 5 de Mayo Porlamar', 'I. de Margarita', 'Nueva Esparta', '4980', 'Venezuela'),
(10730, 'BONAP', 5, '2024-12-02', '2024-12-02', '2024-12-02', 1, '20.12', 'Bon App', '12, rue des Bouchers', 'Marseille', '', '13008', 'Frankreich'),
(10731, 'CHOPS', 7, '2024-12-02', '2024-12-02', '2024-12-02', 1, '66.65', 'Huawei Outlet', 'Hauptstr. 31', 'Bern', '', '3012', 'Schweiz'),
(10732, 'BONAP', 3, '2024-12-02', '2024-12-02', '2024-12-02', 1, '16.97', 'Bon App', '12, rue des Bouchers', 'Marseille', '', '13008', 'Frankreich'),
(10733, 'BERGS', 1, '2024-12-02', '2024-12-02', '2024-12-02', 3, '110.11', 'Berglunds Computer', 'Berguvsvägen  8', 'Luleå', '', 'S-958 22', 'Schweden'),
(10734, 'GOURL', 2, '2024-12-02', '2024-12-02', '2024-12-02', 3, '21.63', 'Systems Lanchonetes', 'Av. Brasil, 442', 'Campinas', 'SP', '04876-786', 'Brasilien'),
(10735, 'LETSS', 6, '2024-12-02', '2024-12-02', '2024-12-02', 2, '45.95', 'Let''s Stop N Shop', '87 Polk St.\r\nSuite 5', 'San Francisco', 'CA', '94117', 'USA'),
(10736, 'HUNGO', 9, '2024-12-02', '2024-12-02', '2024-12-02', 2, '44.10', 'Nicht Owl All-Night Service', '8 Johnstown Road', 'Cork', 'Co. Cork', '', 'Irland'),
(10737, 'VINET', 2, '2024-12-02', '2024-12-02', '2024-12-02', 2, '17.79', 'Vins et alcools Chevalier', '59 rue de l''Abbaye', 'Reims', '', '51100', 'Frankreich'),
(10738, 'SPECD', 2, '2024-12-02', '2024-12-02', '2024-12-02', 1, '22.91', 'Spécialités du monde', '25, rue Lauriston', 'Paris', '', '75016', 'Frankreich'),
(10739, 'VINET', 3, '2024-12-02', '2024-12-02', '2024-12-02', 3, '11.08', 'Vins et alcools Chevalier', '59 rue de l''Abbaye', 'Reims', '', '51100', 'Frankreich'),
(10740, 'WHITC', 4, '2024-12-02', '2024-12-02', '2024-12-02', 2, '81.75', 'White Clover Markets', '1029 - 12th Ave. S.', 'Seattle', 'WA', '98124', 'USA'),
(10741, 'AROUT', 4, '2024-12-02', '2024-12-02', '2024-12-02', 3, '10.96', 'Systems Hanover inc.', 'Brook Farm\r\nStratford St. Mary', 'Colchester', 'Essex', 'CO7 6JX', 'Großbritannien'),
(10742, 'BOTTM', 3, '2024-12-02', '2024-12-02', '2024-12-02', 3, '243.73', 'Bottom-Dollar Markets', '23 Tsawassen Blvd.', 'Tsawassen', 'BC', 'T2F 8M4', 'Kanada'),
(10743, 'AROUT', 1, '2024-12-02', '2024-12-02', '2024-12-02', 2, '23.72', 'Systems Hanover inc.', 'Brook Farm\r\nStratford St. Mary', 'Colchester', 'Essex', 'CO7 6JX', 'Großbritannien'),
(10744, 'VAFFE', 6, '2024-12-02', '2024-12-02', '2024-12-02', 1, '69.19', 'Vaffeljernet', 'Smagsløget 45', 'Århus', '', '8200', 'Dänemark'),
(10745, 'QUICK', 9, '2024-12-02', '2024-12-02', '2024-12-02', 1, '13.52', 'QUICK-Stop', 'Taucherstraße 10', 'Cunewalde', '', '01307', 'Deutschland'),
(10746, 'CHOPS', 1, '2024-12-02', '2024-12-02', '2024-12-02', 3, '31.43', 'Huawei Outlet', 'Hauptstr. 31', 'Bern', '', '3012', 'Schweiz'),
(10747, 'PICCO', 6, '2024-12-02', '2024-12-02', '2024-12-02', 1, '117.33', 'Beratung und mehr', 'Geislweg 14', 'Salzburg', '', '5020', 'Österreich'),
(10748, 'SAVEA', 3, '2024-12-02', '2024-12-02', '2024-12-02', 1, '232.55', 'Save-a-lot Markets', '187 Suffolk Ln.', 'Boise', 'ID', '83720', 'USA'),
(10749, 'ISLAT', 4, '2024-12-02', '2024-12-02', '2024-12-02', 2, '61.53', 'Island Trading', 'Garden House\r\nCrowther Way', 'Cowes', 'Isle of Wight', 'PO31 7PJ', 'Großbritannien'),
(10750, 'WARTH', 9, '2024-12-02', '2024-12-02', '2024-12-02', 1, '79.30', 'Wartian Herkku', 'Torikatu 38', 'Oulu', '', '90110', 'Finnland'),
(10751, 'RICSU', 3, '2024-12-02', '2024-12-02', '2024-12-02', 3, '130.79', 'Richter Beratung', 'Starenweg 5', 'Genève', '', '1204', 'Schweiz'),
(10752, 'NORTS', 2, '2024-12-02', '2024-12-02', '2024-12-02', 3, '21.39', 'North/South', 'South House\r\n300 Queensbridge', 'London', '', 'SW7 1RZ', 'Großbritannien'),
(10753, 'FRANS', 3, '2024-12-02', '2024-12-02', '2024-12-02', 1, '17.70', 'Franchi S.p.A.', 'Via Monte Bianco 34', 'Torino', '', '10100', 'Italien'),
(10754, 'MAGAA', 6, '2024-12-02', '2024-12-02', '2024-12-02', 3, '22.38', 'Magazzini Alimentari Riuniti', 'Via Ludovico il Moro 22', 'Bergamo', '', '24100', 'Italien'),
(10755, 'BONAP', 4, '2024-12-02', '2024-12-02', '2024-12-02', 2, '16.71', 'Bon App', '12, rue des Bouchers', 'Marseille', '', '13008', 'Frankreich'),
(10756, 'SPLIR', 8, '2024-12-02', '2024-12-02', '2024-12-02', 2, '73.21', 'Split Rail Beer & Ale', 'P.O. Box 555', 'Lander', 'WY', '82520', 'USA'),
(10757, 'SAVEA', 6, '2024-12-02', '2024-12-02', '2024-12-02', 1, '38.19', 'Save-a-lot Markets', '187 Suffolk Ln.', 'Boise', 'ID', '83720', 'USA'),
(10758, 'RICSU', 3, '2024-12-02', '2024-12-02', '2024-12-02', 3, '138.17', 'Richter Beratung', 'Starenweg 5', 'Genève', '', '1204', 'Schweiz'),
(10759, 'ANATR', 3, '2024-12-02', '2024-12-02', '2024-12-02', 3, '11.99', 'Ana Trujillo Expo', 'Avda. de la Constitución 2222', 'México D.F.', '', '05021', 'Mexiko'),
(10760, 'MAISD', 4, '2024-12-02', '2024-12-02', '2024-12-02', 1, '155.64', 'Maison Dewey', 'Rue Joseph-Bens 532', 'Bruxelles', '', 'B-1180', 'Belgien'),
(10761, 'RATTC', 5, '2024-12-02', '2024-12-02', '2024-12-02', 2, '18.66', 'Rattlesnake Canyon consulting', '2817 Milton Dr.', 'Albuquerque', 'NM', '87110', 'USA'),
(10762, 'FOLKO', 3, '2024-12-02', '2024-12-02', '2024-12-02', 1, '328.74', 'Folk och fä HB', 'Åkergatan 24', 'Bräcke', '', 'S-844 67', 'Schweden'),
(10763, 'FOLIG', 3, '2024-12-02', '2024-12-02', '2024-12-02', 3, '37.35', 'Folies IT', '184, chaussée de Tournai', 'Lille', '', '59000', 'Frankreich'),
(10764, 'ERNSH', 6, '2024-12-02', '2024-12-02', '2024-12-02', 3, '145.45', 'Ernst Handel', 'Kirchgasse 6', 'Graz', '', '8010', 'Österreich'),
(10765, 'QUICK', 3, '2024-12-02', '2024-12-02', '2024-12-02', 3, '42.74', 'QUICK-Stop', 'Taucherstraße 10', 'Cunewalde', '', '01307', 'Deutschland'),
(10766, 'OTTIK', 4, '2024-12-02', '2024-12-02', '2024-12-02', 1, '157.55', 'Ottilies Netzwerke', 'Mehrheimerstr. 369', 'Köln', '', '50739', 'Deutschland'),
(10767, 'SUPRD', 4, '2024-12-02', '2024-12-02', '2024-12-02', 3, '11.59', 'Suprêmes Consulting', 'Boulevard Tirou, 255', 'Charleroi', '', 'B-6000', 'Belgien'),
(10768, 'AROUT', 3, '2024-12-02', '2024-12-02', '2024-12-02', 2, '146.32', 'Systems Hanover inc.', 'Brook Farm\r\nStratford St. Mary', 'Colchester', 'Essex', 'CO7 6JX', 'Großbritannien'),
(10769, 'VAFFE', 3, '2024-12-02', '2024-12-02', '2024-12-02', 1, '65.06', 'Vaffeljernet', 'Smagsløget 45', 'Århus', '', '8200', 'Dänemark'),
(10770, 'HANAR', 8, '2024-12-02', '2024-12-02', '2024-12-02', 3, '25.32', 'Bookkeepers', 'Rua do Paço, 67', 'Rio de Janeiro', 'RJ', '05454-876', 'Brasilien'),
(10771, 'ERNSH', 9, '2026-01-04', '2026-01-04', '2026-01-04', 2, '11.19', 'Ernst Handel', 'Kirchgasse 6', 'Graz', '', '8010', 'Österreich'),
(10772, 'LEHMS', 3, '2024-12-02', '2024-12-02', '2024-12-02', 2, '51.28', 'Lehmanns Büro', 'Magazinweg 7', 'Frankfurt a.M. ', '', '60528', 'Deutschland'),
(10773, 'ERNSH', 1, '2024-12-02', '2024-12-02', '2024-12-02', 3, '76.43', 'Ernst Handel', 'Kirchgasse 6', 'Graz', '', '8010', 'Österreich'),
(10774, 'FOLKO', 4, '2024-12-02', '2024-12-02', '2024-12-02', 1, '48.20', 'Folk och fä HB', 'Åkergatan 24', 'Bräcke', '', 'S-844 67', 'Schweden'),
(10775, 'THECR', 7, '2024-12-02', '2024-12-02', '2024-12-02', 1, '20.25', 'The Cracker Box', '55 Grizzly Peak Rd.', 'Butte', 'MT', '59801', 'USA'),
(10776, 'ERNSH', 1, '2024-12-02', '2024-12-02', '2024-12-02', 3, '151.53', 'Ernst Handel', 'Kirchgasse 6', 'Graz', '', '8010', 'Österreich'),
(10777, 'GOURL', 7, '2026-01-04', '2026-01-04', '2026-01-04', 2, '23.01', 'Systems Lanchonetes', 'Av. Brasil, 442', 'Campinas', 'SP', '04876-786', 'Brasilien'),
(10778, 'BERGS', 3, '2024-12-02', '2024-12-02', '2024-12-02', 1, '16.79', 'Berglunds Computer', 'Berguvsvägen  8', 'Luleå', '', 'S-958 22', 'Schweden'),
(10779, 'MORGK', 3, '2026-01-04', '2026-01-04', '2026-01-04', 2, '28.13', 'Morgenstern Anwaltskanzlei', 'Heerstr. 22', 'Leipzig', '', '04179', 'Deutschland'),
(10780, 'LILAS', 2, '2024-12-02', '2024-12-02', '2024-12-02', 1, '42.13', 'LILA-Supermercado', 'Carrera 52 con Ave. Bolívar #65-98 Llano Largo', 'Barquisimeto', 'Lara', '3508', 'Venezuela'),
(10781, 'WARTH', 2, '2024-12-02', '2024-12-02', '2024-12-02', 3, '73.16', 'Wartian Herkku', 'Torikatu 38', 'Oulu', '', '90110', 'Finnland'),
(10782, 'CACTU', 9, '2024-12-02', '2024-12-02', '2024-12-02', 3, '31.10', 'Cactus Tablet Store', 'Cerrito 333', 'Buenos Aires', '', '1010', 'Argentinien'),
(10783, 'HANAR', 4, '2024-12-02', '2024-12-02', '2024-12-02', 2, '124.98', 'Bookkeepers', 'Rua do Paço, 67', 'Rio de Janeiro', 'RJ', '05454-876', 'Brasilien'),
(10784, 'MAGAA', 4, '2024-12-02', '2024-12-02', '2024-12-02', 3, '50.09', 'Magazzini Alimentari Riuniti', 'Via Ludovico il Moro 22', 'Bergamo', '', '24100', 'Italien'),
(10785, 'GROSR', 1, '2024-12-02', '2024-12-02', '2024-12-02', 3, '31.51', 'GROSELLA-Studios', '5ª Ave. Los Palos Grandes', 'Caracas', 'DF', '1081', 'Venezuela'),
(10786, 'QUEEN', 8, '2024-12-02', '2024-12-02', '2024-12-02', 1, '31.87', 'Queen storage', 'Alameda dos Canàrios, 891', 'São Paulo', 'SP', '05487-020', 'Brasilien'),
(10787, 'LAMAI', 2, '2024-12-02', '2024-12-02', '2024-12-02', 1, '109.93', 'La maison d''Asie', '1 rue Alsace-Lorraine', 'Toulouse', '', '31000', 'Frankreich'),
(10788, 'QUICK', 1, '2026-01-04', '2026-01-04', '2026-01-04', 2, '42.70', 'QUICK-Stop', 'Taucherstraße 10', 'Cunewalde', '', '01307', 'Deutschland'),
(10789, 'FOLIG', 1, '2024-12-02', '2024-12-02', '2024-12-02', 2, '100.60', 'Folies IT', '184, chaussée de Tournai', 'Lille', '', '59000', 'Frankreich'),
(10790, 'GOURL', 6, '2024-12-02', '2024-12-02', '2024-12-02', 1, '28.23', 'Systems Lanchonetes', 'Av. Brasil, 442', 'Campinas', 'SP', '04876-786', 'Brasilien'),
(10791, 'FRANK', 6, '2026-01-04', '2026-01-04', '2026-01-04', 2, '16.85', 'Frankenversand', 'Berliner Platz 43', 'München', '', '80805', 'Deutschland'),
(10792, 'WOLZA', 1, '2024-12-02', '2024-12-02', '2024-12-02', 3, '23.79', 'Wolski  Zajazd', 'ul. Filtrowa 68', 'Warszawa', '', '01-012', 'Polen'),
(10793, 'AROUT', 3, '2026-01-04', '2026-01-04', '2026-01-04', 3, '14.52', 'Systems Hanover inc.', 'Brook Farm\r\nStratford St. Mary', 'Colchester', 'Essex', 'CO7 6JX', 'Großbritannien'),
(10794, 'QUEDE', 6, '2026-01-04', '2026-01-04', '2026-01-04', 1, '21.49', 'Que Delícia', 'Rua da Panificadora, 12', 'Rio de Janeiro', 'RJ', '02389-673', 'Brasilien'),
(10795, 'ERNSH', 8, '2026-01-04', '2026-01-04', '2026-01-04', 2, '126.66', 'Ernst Handel', 'Kirchgasse 6', 'Graz', '', '8010', 'Österreich'),
(10796, 'HILAA', 3, '2026-01-04', '2026-01-04', '2026-01-04', 1, '26.52', 'HILARIÓN-Abastos', 'Carrera 22 con Ave. Carlos Soublette #8-35', 'San Cristóbal', 'Táchira', '5022', 'Venezuela'),
(10797, 'DRACD', 7, '2026-01-04', '2026-01-04', '2026-01-04', 2, '33.35', 'Drachenblut Computerspiele', 'Walserweg 21', 'Aachen', '', '52066', 'Deutschland'),
(10798, 'ISLAT', 2, '2026-01-04', '2026-01-04', '2026-01-04', 1, '12.33', 'Island Trading', 'Garden House\r\nCrowther Way', 'Cowes', 'Isle of Wight', 'PO31 7PJ', 'Großbritannien'),
(10799, 'KOENE', 9, '2026-01-04', '2026-01-04', '2026-01-04', 3, '30.76', 'IT-Beratung', 'Maubelstr. 90', 'Brandenburg', '', '14776', 'Deutschland'),
(10800, 'SEVES', 1, '2026-01-04', '2026-01-04', '2026-01-04', 3, '137.44', 'Seven Seas Imports', '90 Wadhurst Rd.', 'London', '', 'OX15 4NB', 'Großbritannien'),
(10801, 'BOLID', 4, '2024-12-02', '2024-12-02', '2024-12-02', 2, '97.09', 'Bólido Computer', 'C/ Araquil, 67', 'Madrid', '', '28023', 'Spanien'),
(10802, 'SIMOB', 4, '2026-01-04', '2026-01-06', '2026-01-04', 2, '257.26', 'Simons bistro', 'Vinbæltet 34', 'København', '', '1734', 'Dänemark'),
(10803, 'WELLI', 4, '2026-01-04', '2026-01-06', '2026-01-04', 1, '55.23', 'Wellington Importadora', 'Rua do Mercado, 12', 'Resende', 'SP', '08737-363', 'Brasilien'),
(10804, 'SEVES', 6, '2026-01-04', '2026-01-07', '2026-01-04', 2, '27.33', 'Seven Seas Imports', '90 Wadhurst Rd.', 'London', '', 'OX15 4NB', 'Großbritannien'),
(10805, 'THEBI', 2, '2026-01-04', '2026-01-06', '2026-01-04', 3, '237.34', 'The Big Apple', '89 Jefferson Way\r\nSuite 2', 'Portland', 'OR', '97201', 'USA'),
(10806, 'VICTE', 3, '2026-01-04', '2026-01-05', '2026-01-04', 2, '22.11', 'Victuailles en stock', '2, rue du Commerce', 'Lyon', '', '69004', 'Frankreich'),
(10807, 'FRANS', 4, '2026-01-04', '2026-01-06', '2026-01-04', 1, '21.36', 'Franchi S.p.A.', 'Via Monte Bianco 34', 'Torino', '', '10100', 'Italien'),
(10808, 'OLDWO', 2, '2026-01-04', '2026-01-07', '2026-01-04', 3, '45.53', 'Old World Support', '2743 Bering St.', 'Anchorage', 'AK', '99508', 'USA'),
(10809, 'WELLI', 7, '2026-01-04', '2026-01-08', '2026-01-04', 1, '24.87', 'Wellington Importadora', 'Rua do Mercado, 12', 'Resende', 'SP', '08737-363', 'Brasilien'),
(10810, 'LAUGB', 2, '2026-01-04', '2026-01-08', '2026-01-04', 3, '24.33', 'Consulting LA', '2319 Elm St.', 'Vancouver', 'BC', 'V3F 2K1', 'Kanada'),
(10811, 'LINOD', 8, '2026-01-04', '2026-01-08', '2026-01-04', 1, '31.22', 'LINO-Technic', 'Ave. 5 de Mayo Porlamar', 'I. de Margarita', 'Nueva Esparta', '4980', 'Venezuela'),
(10812, 'REGGC', 5, '2026-01-04', '2026-01-06', '2026-01-04', 1, '59.78', 'Reggiani Caseifici', 'Strada Provinciale 124', 'Reggio Emilia', '', '42100', 'Italien'),
(10813, 'RICAR', 1, '2026-01-04', '2026-01-07', '2026-01-04', 1, '47.38', 'Ricardo Adocicados', 'Av. Copacabana, 267', 'Rio de Janeiro', 'RJ', '02389-890', 'Brasilien'),
(10814, 'VICTE', 3, '2026-01-04', '2026-01-05', '2026-01-04', 3, '130.94', 'Victuailles en stock', '2, rue du Commerce', 'Lyon', '', '69004', 'Frankreich'),
(10815, 'SAVEA', 2, '2026-01-04', '2026-01-08', '2026-01-04', 3, '14.62', 'Save-a-lot Markets', '187 Suffolk Ln.', 'Boise', 'ID', '83720', 'USA'),
(10816, 'GREAL', 4, '2026-01-04', '2026-01-07', '2026-01-04', 2, '319.78', 'Great Lakes Component Market', '2732 Baker Blvd.', 'Eugene', 'OR', '97403', 'USA'),
(10817, 'KOENE', 3, '2026-01-04', '2026-01-04', '2026-01-04', 2, '106.07', 'IT-Beratung', 'Maubelstr. 90', 'Brandenburg', '', '14776', 'Deutschland'),
(10818, 'MAGAA', 7, '2026-01-04', '2026-01-06', '2026-01-04', 3, '65.48', 'Magazzini Alimentari Riuniti', 'Via Ludovico il Moro 22', 'Bergamo', '', '24100', 'Italien'),
(10819, 'CACTU', 2, '2026-01-04', '2026-01-08', '2026-01-04', 3, '19.76', 'Cactus Tablet Store', 'Cerrito 333', 'Buenos Aires', '', '1010', 'Argentinien'),
(10820, 'RATTC', 3, '2026-01-04', '2026-01-08', '2026-01-04', 2, '37.52', 'Rattlesnake Canyon consulting', '2817 Milton Dr.', 'Albuquerque', 'NM', '87110', 'USA'),
(10821, 'SPLIR', 1, '2026-01-04', '2026-01-08', '2026-01-04', 1, '36.68', 'Split Rail Beer & Ale', 'P.O. Box 555', 'Lander', 'WY', '82520', 'USA'),
(10822, 'TRAIH', 6, '2026-01-04', '2026-01-08', '2026-01-04', 3, '27.00', 'Trail''s Head Technicians', '722 DaVinci Blvd.', 'Kirkland', 'WA', '98034', 'USA'),
(10823, 'LILAS', 5, '2026-01-04', '2026-01-10', '2026-01-04', 2, '163.97', 'LILA-Supermercado', 'Carrera 52 con Ave. Bolívar #65-98 Llano Largo', 'Barquisimeto', 'Lara', '3508', 'Venezuela'),
(10824, 'FOLKO', 8, '2026-01-04', '2026-01-08', '2026-01-04', 1, '31.23', 'Folk och fä HB', 'Åkergatan 24', 'Bräcke', '', 'S-844 67', 'Schweden'),
(10825, 'DRACD', 1, '2026-01-04', '2026-01-04', '2026-01-04', 1, '79.25', 'Drachenblut Computerspiele', 'Walserweg 21', 'Aachen', '', '52066', 'Deutschland'),
(10826, 'BLONP', 6, '2026-01-04', '2026-01-05', '2026-01-04', 1, '11.09', 'Blondel Consult', '24, place Kléber', 'Strasbourg', '', '67000', 'Frankreich'),
(10827, 'BONAP', 1, '2026-01-04', '2026-01-06', '2026-01-04', 2, '63.54', 'Bon App', '12, rue des Bouchers', 'Marseille', '', '13008', 'Frankreich'),
(10828, 'RANCH', 9, '2026-01-04', '2026-01-10', '2026-01-04', 1, '90.85', 'Technico grande', 'Av. del Libertador 900', 'Buenos Aires', '', '1010', 'Argentinien'),
(10829, 'ISLAT', 9, '2026-01-04', '2026-01-05', '2026-01-04', 1, '154.72', 'Island Trading', 'Garden House\r\nCrowther Way', 'Cowes', 'Isle of Wight', 'PO31 7PJ', 'Großbritannien'),
(10830, 'TRADH', 4, '2026-01-04', '2026-01-10', '2026-01-04', 2, '81.83', 'Tradição digitale', 'Av. Inês de Castro, 414', 'São Paulo', 'SP', '05634-030', 'Brasilien'),
(10831, 'SANTG', 3, '2026-01-04', '2026-01-07', '2026-01-04', 2, '72.19', 'Santé Solution', 'Erling Skakkes gate 78', 'Stavern', '', '4110', 'Norwegen'),
(10832, 'LAMAI', 2, '2026-01-04', '2026-01-04', '2026-01-04', 2, '43.26', 'La maison d''Asie', '1 rue Alsace-Lorraine', 'Toulouse', '', '31000', 'Frankreich'),
(10833, 'OTTIK', 6, '2026-01-04', '2026-01-04', '2026-01-04', 2, '71.49', 'Ottilies Netzwerke', 'Mehrheimerstr. 369', 'Köln', '', '50739', 'Deutschland'),
(10834, 'TRADH', 1, '2026-01-04', '2026-01-04', '2026-01-04', 3, '29.78', 'Tradição digitale', 'Av. Inês de Castro, 414', 'São Paulo', 'SP', '05634-030', 'Brasilien'),
(10835, 'ALFKI', 1, '2026-01-04', '2026-01-04', '2026-01-04', 3, '69.53', 'Alfreds Computerclub', 'Obere Str. 57', 'Berlin', '', '12209', 'Deutschland'),
(10836, 'ERNSH', 7, '2026-01-04', '2026-01-04', '2026-01-04', 1, '411.88', 'Ernst Handel', 'Kirchgasse 6', 'Graz', '', '8010', 'Österreich'),
(10837, 'BERGS', 9, '2026-01-04', '2026-01-04', '2026-01-04', 3, '13.32', 'Berglunds Computer', 'Berguvsvägen  8', 'Luleå', '', 'S-958 22', 'Schweden'),
(10838, 'LINOD', 3, '2026-01-04', '2026-01-04', '2026-01-04', 3, '59.28', 'LINO-Technic', 'Ave. 5 de Mayo Porlamar', 'I. de Margarita', 'Nueva Esparta', '4980', 'Venezuela'),
(10839, 'TRADH', 3, '2026-01-04', '2026-01-04', '2026-01-04', 3, '35.43', 'Tradição digitale', 'Av. Inês de Castro, 414', 'São Paulo', 'SP', '05634-030', 'Brasilien'),
(10840, 'LINOD', 4, '2026-01-04', '2026-01-04', '2026-01-04', 2, '12.71', 'LINO-Technic', 'Ave. 5 de Mayo Porlamar', 'I. de Margarita', 'Nueva Esparta', '4980', 'Venezuela'),
(10841, 'SUPRD', 5, '2026-01-04', '2026-01-04', '2026-01-04', 2, '124.30', 'Suprêmes Consulting', 'Boulevard Tirou, 255', 'Charleroi', '', 'B-6000', 'Belgien'),
(10842, 'TORTU', 1, '2026-01-04', '2026-01-04', '2026-01-04', 3, '54.42', 'Tortuga network', 'Avda. Azteca 123', 'México D.F.', '', '05033', 'Mexiko'),
(10843, 'VICTE', 4, '2026-01-04', '2026-01-04', '2026-01-04', 2, '9.26', 'Victuailles en stock', '2, rue du Commerce', 'Lyon', '', '69004', 'Frankreich'),
(10844, 'PICCO', 8, '2026-01-04', '2026-01-04', '2026-01-04', 2, '25.22', 'Beratung und mehr', 'Geislweg 14', 'Salzburg', '', '5020', 'Österreich'),
(10845, 'QUICK', 8, '2026-01-04', '2026-01-04', '2026-01-04', 1, '112.98', 'QUICK-Stop', 'Taucherstraße 10', 'Cunewalde', '', '01307', 'Deutschland'),
(10846, 'SUPRD', 2, '2026-01-04', '2026-01-04', '2026-01-04', 3, '56.46', 'Suprêmes Consulting', 'Boulevard Tirou, 255', 'Charleroi', '', 'B-6000', 'Belgien'),
(10847, 'SAVEA', 4, '2026-01-04', '2026-01-04', '2026-01-04', 3, '487.57', 'Save-a-lot Markets', '187 Suffolk Ln.', 'Boise', 'ID', '83720', 'USA'),
(10848, 'CONSH', 7, '2026-01-04', '2026-01-04', '2026-01-04', 2, '38.24', 'Consolidated Holdings', 'Berkeley Gardens\r\n12  Brewery ', 'London', '', 'WX1 6LT', 'Großbritannien'),
(10849, 'KOENE', 9, '2026-01-04', '2026-01-04', '2026-01-04', 2, '7.56', 'IT-Beratung', 'Maubelstr. 90', 'Brandenburg', '', '14776', 'Deutschland'),
(10850, 'VICTE', 1, '2026-01-04', '2026-01-04', '2026-01-04', 1, '25.19', 'Victuailles en stock', '2, rue du Commerce', 'Lyon', '', '69004', 'Frankreich'),
(10851, 'RICAR', 5, '2026-01-04', '2026-01-04', '2026-01-04', 1, '160.55', 'Ricardo Adocicados', 'Av. Copacabana, 267', 'Rio de Janeiro', 'RJ', '02389-890', 'Brasilien'),
(10852, 'RATTC', 8, '2026-01-04', '2026-01-04', '2026-01-04', 1, '174.05', 'Rattlesnake Canyon consulting', '2817 Milton Dr.', 'Albuquerque', 'NM', '87110', 'USA'),
(10853, 'BLAUS', 9, '2026-01-04', '2026-01-04', '2026-01-04', 2, '53.83', 'Blauer See Komponenten', 'Forsterstr. 57', 'Mannheim', '', '68306', 'Deutschland'),
(10854, 'ERNSH', 3, '2026-01-04', '2026-01-04', '2026-01-04', 2, '100.22', 'Ernst Handel', 'Kirchgasse 6', 'Graz', '', '8010', 'Österreich'),
(10855, 'OLDWO', 3, '2026-01-04', '2026-01-04', '2026-01-04', 1, '170.97', 'Old World Support', '2743 Bering St.', 'Anchorage', 'AK', '99508', 'USA'),
(10856, 'ANTON', 3, '2026-01-04', '2026-01-04', '2026-01-04', 2, '58.43', 'Antonio Moreno IT', 'Mataderos  2312', 'México D.F.', '', '05023', 'Mexiko'),
(10857, 'BERGS', 8, '2026-01-04', '2026-01-04', '2026-01-04', 2, '188.85', 'Berglunds Computer', 'Berguvsvägen  8', 'Luleå', '', 'S-958 22', 'Schweden'),
(10858, 'LACOR', 2, '2026-01-04', '2026-01-04', '2026-01-04', 1, '52.51', 'La corne d''abondance', '67, avenue de l''Europe', 'Versailles', '', '78000', 'Frankreich'),
(10859, 'FRANK', 1, '2026-01-04', '2026-01-04', '2026-01-04', 2, '76.10', 'Frankenversand', 'Berliner Platz 43', 'München', '', '80805', 'Deutschland'),
(10860, 'FRANR', 3, '2026-01-04', '2026-01-04', '2026-01-04', 3, '19.26', 'France restauration', '54, rue Royale', 'Nantes', '', '44000', 'Frankreich'),
(10861, 'WHITC', 4, '2026-01-04', '2026-01-04', '2026-01-04', 2, '14.93', 'White Clover Markets', '1029 - 12th Ave. S.', 'Seattle', 'WA', '98124', 'USA'),
(10862, 'LEHMS', 8, '2026-01-04', '2026-01-04', '2026-01-04', 2, '53.23', 'Lehmanns Büro', 'Magazinweg 7', 'Frankfurt a.M. ', '', '60528', 'Deutschland'),
(10863, 'HILAA', 4, '2026-01-04', '2026-01-04', '2026-01-04', 2, '30.26', 'HILARIÓN-Abastos', 'Carrera 22 con Ave. Carlos Soublette #8-35', 'San Cristóbal', 'Táchira', '5022', 'Venezuela'),
(10864, 'AROUT', 4, '2026-01-04', '2026-01-04', '2026-01-04', 2, '13.04', 'Systems Hanover inc.', 'Brook Farm\r\nStratford St. Mary', 'Colchester', 'Essex', 'CO7 6JX', 'Großbritannien'),
(10865, 'QUICK', 2, '2026-01-04', '2026-01-04', '2026-01-04', 1, '148.14', 'QUICK-Stop', 'Taucherstraße 10', 'Cunewalde', '', '01307', 'Deutschland'),
(10866, 'BERGS', 5, '2026-01-04', '2026-01-04', '2026-01-04', 1, '109.11', 'Berglunds Computer', 'Berguvsvägen  8', 'Luleå', '', 'S-958 22', 'Schweden'),
(10867, 'LONEP', 6, '2026-01-04', '2026-01-04', '2026-01-04', 1, '31.93', 'Lonesome digital Rider', '89 Chiaroscuro Rd.', 'Portland', 'OR', '97219', 'USA'),
(10868, 'QUEEN', 7, '2026-01-04', '2026-01-04', '2026-01-04', 2, '191.27', 'Queen storage', 'Alameda dos Canàrios, 891', 'São Paulo', 'SP', '05487-020', 'Brasilien'),
(10869, 'SEVES', 5, '2026-01-04', '2026-01-04', '2026-01-04', 1, '143.28', 'Seven Seas Imports', '90 Wadhurst Rd.', 'London', '', 'OX15 4NB', 'Großbritannien'),
(10870, 'WOLZA', 5, '2026-01-04', '2026-01-04', '2026-01-04', 3, '12.04', 'Wolski  Zajazd', 'ul. Filtrowa 68', 'Warszawa', '', '01-012', 'Polen'),
(10871, 'BONAP', 9, '2026-01-04', '2026-01-04', '2026-01-04', 2, '112.27', 'Bon App', '12, rue des Bouchers', 'Marseille', '', '13008', 'Frankreich'),
(10872, 'GODOS', 5, '2026-01-04', '2026-01-04', '2026-01-04', 2, '17.32', 'Godos USB', 'C/ Romero, 33', 'Sevilla', '', '41101', 'Spanien'),
(10873, 'WILMK', 4, '2026-01-04', '2026-01-04', '2026-01-04', 1, '18.82', 'Wilman Kala', 'Keskuskatu 45', 'Helsinki', '', '21240', 'Finnland'),
(10874, 'GODOS', 5, '2026-01-04', '2026-01-04', '2026-01-04', 2, '19.58', 'Godos USB', 'C/ Romero, 33', 'Sevilla', '', '41101', 'Spanien'),
(10875, 'BERGS', 4, '2026-01-04', '2026-01-04', '2026-01-04', 2, '32.37', 'Berglunds Computer', 'Berguvsvägen  8', 'Luleå', '', 'S-958 22', 'Schweden'),
(10876, 'BONAP', 7, '2026-01-04', '2026-01-04', '2026-01-04', 3, '60.42', 'Bon App', '12, rue des Bouchers', 'Marseille', '', '13008', 'Frankreich'),
(10877, 'RICAR', 1, '2026-01-04', '2026-01-04', '2026-01-04', 1, '38.06', 'Ricardo Adocicados', 'Av. Copacabana, 267', 'Rio de Janeiro', 'RJ', '02389-890', 'Brasilien'),
(10878, 'QUICK', 4, '2026-01-04', '2026-01-04', '2026-01-04', 1, '46.69', 'QUICK-Stop', 'Taucherstraße 10', 'Cunewalde', '', '01307', 'Deutschland'),
(10879, 'WILMK', 3, '2026-01-04', '2026-01-04', '2026-01-04', 3, '18.50', 'Wilman Kala', 'Keskuskatu 45', 'Helsinki', '', '21240', 'Finnland'),
(10880, 'FOLKO', 7, '2026-01-04', '2026-01-04', '2026-01-04', 1, '88.01', 'Folk och fä HB', 'Åkergatan 24', 'Bräcke', '', 'S-844 67', 'Schweden'),
(10881, 'CACTU', 4, '2026-01-04', '2026-01-04', '2026-01-04', 1, '32.84', 'Cactus Tablet Store', 'Cerrito 333', 'Buenos Aires', '', '1010', 'Argentinien'),
(10882, 'SAVEA', 4, '2026-01-04', '2026-01-04', '2026-01-04', 3, '23.10', 'Save-a-lot Markets', '187 Suffolk Ln.', 'Boise', 'ID', '83720', 'USA'),
(10883, 'LONEP', 8, '2026-01-04', '2026-01-04', '2026-01-04', 3, '30.53', 'Lonesome digital Rider', '89 Chiaroscuro Rd.', 'Portland', 'OR', '97219', 'USA'),
(10884, 'LETSS', 4, '2026-01-04', '2026-01-04', '2026-01-04', 2, '90.97', 'Let''s Stop N Shop', '87 Polk St.\r\nSuite 5', 'San Francisco', 'CA', '94117', 'USA'),
(10885, 'SUPRD', 6, '2026-01-04', '2026-01-04', '2026-01-04', 3, '25.64', 'Suprêmes Consulting', 'Boulevard Tirou, 255', 'Charleroi', '', 'B-6000', 'Belgien'),
(10886, 'HANAR', 1, '2026-01-04', '2026-01-04', '2026-01-04', 1, '44.99', 'Bookkeepers', 'Rua do Paço, 67', 'Rio de Janeiro', 'RJ', '05454-876', 'Brasilien');
INSERT INTO `bestellung` (`BestellNr`, `KundenCode`, `PersonalNr`, `Bestelldatum`, `Lieferdatum`, `Versanddatum`, `VersandUeber`, `Frachtkosten`, `Empfaenger`, `Strasse`, `Ort`, `Region`, `PLZ`, `Bestimmungsland`) VALUES
(10887, 'GALED', 8, '2026-01-04', '2026-01-04', '2026-01-04', 3, '19.25', 'Galería del IT', 'Rambla de Cataluña, 23', 'Barcelona', '', '8022', 'Spanien'),
(10888, 'GODOS', 1, '2026-01-04', '2026-01-04', '2026-01-04', 2, '51.87', 'Godos USB', 'C/ Romero, 33', 'Sevilla', '', '41101', 'Spanien'),
(10889, 'RATTC', 9, '2026-01-04', '2026-01-04', '2026-01-04', 3, '280.61', 'Rattlesnake Canyon consulting', '2817 Milton Dr.', 'Albuquerque', 'NM', '87110', 'USA'),
(10890, 'DUMON', 7, '2026-01-04', '2026-01-04', '2026-01-04', 1, '32.76', 'Du monde entier', '67, rue des Cinquante Otages', 'Nantes', '', '44000', 'Frankreich'),
(10891, 'LEHMS', 7, '2026-01-04', '2026-01-04', '2026-01-04', 2, '20.37', 'Lehmanns Büro', 'Magazinweg 7', 'Frankfurt a.M. ', '', '60528', 'Deutschland'),
(10892, 'MAISD', 4, '2026-01-04', '2026-01-04', '2026-01-04', 2, '120.27', 'Maison Dewey', 'Rue Joseph-Bens 532', 'Bruxelles', '', 'B-1180', 'Belgien'),
(10893, 'KOENE', 9, '2026-01-04', '2026-01-04', '2026-01-04', 2, '77.78', 'IT-Beratung', 'Maubelstr. 90', 'Brandenburg', '', '14776', 'Deutschland'),
(10894, 'SAVEA', 1, '2026-01-04', '2026-01-04', '2026-01-04', 1, '116.13', 'Save-a-lot Markets', '187 Suffolk Ln.', 'Boise', 'ID', '83720', 'USA'),
(10895, 'ERNSH', 3, '2026-01-04', '2026-01-04', '2026-01-04', 1, '162.75', 'Ernst Handel', 'Kirchgasse 6', 'Graz', '', '8010', 'Österreich'),
(10896, 'MAISD', 7, '2026-01-04', '2026-01-04', '2026-01-04', 3, '32.45', 'Maison Dewey', 'Rue Joseph-Bens 532', 'Bruxelles', '', 'B-1180', 'Belgien'),
(10897, 'HUNGO', 3, '2026-01-04', '2026-01-04', '2026-01-04', 2, '603.54', 'Nicht Owl All-Night Service', '8 Johnstown Road', 'Cork', 'Co. Cork', '', 'Irland'),
(10898, 'OCEAN', 4, '2026-01-04', '2026-01-04', '2026-01-04', 2, '61.27', 'Océano Atlántico Ltda.', 'Ing. Gustavo Moncada 8585\r\nPiso 20-A', 'Buenos Aires', '', '1010', 'Argentinien'),
(10899, 'LILAS', 5, '2026-01-04', '2026-01-04', '2026-01-04', 3, '31.21', 'LILA-Supermercado', 'Carrera 52 con Ave. Bolívar #65-98 Llano Largo', 'Barquisimeto', 'Lara', '3508', 'Venezuela'),
(10900, 'WELLI', 1, '2026-01-04', '2026-01-04', '2026-01-04', 2, '21.66', 'Wellington Importadora', 'Rua do Mercado, 12', 'Resende', 'SP', '08737-363', 'Brasilien'),
(10901, 'HILAA', 4, '2026-01-04', '2026-01-04', '2026-01-04', 1, '62.09', 'HILARIÓN-Abastos', 'Carrera 22 con Ave. Carlos Soublette #8-35', 'San Cristóbal', 'Táchira', '5022', 'Venezuela'),
(10902, 'FOLKO', 1, '2026-01-04', '2026-01-04', '2026-01-04', 1, '44.15', 'Folk och fä HB', 'Åkergatan 24', 'Bräcke', '', 'S-844 67', 'Schweden'),
(10903, 'HANAR', 3, '2026-01-04', '2026-01-04', '2026-01-04', 3, '36.71', 'Bookkeepers', 'Rua do Paço, 67', 'Rio de Janeiro', 'RJ', '05454-876', 'Brasilien'),
(10904, 'WHITC', 3, '2026-01-04', '2026-01-04', '2026-01-04', 3, '162.95', 'White Clover Markets', '1029 - 12th Ave. S.', 'Seattle', 'WA', '98124', 'USA'),
(10905, 'WELLI', 9, '2026-01-04', '2026-01-04', '2026-01-04', 2, '13.72', 'Wellington Importadora', 'Rua do Mercado, 12', 'Resende', 'SP', '08737-363', 'Brasilien'),
(10906, 'WOLZA', 4, '2026-01-04', '2026-01-04', '2026-01-04', 3, '26.29', 'Wolski  Zajazd', 'ul. Filtrowa 68', 'Warszawa', '', '01-012', 'Polen'),
(10907, 'SPECD', 6, '2026-01-04', '2026-01-04', '2026-01-04', 3, '19.19', 'Spécialités du monde', '25, rue Lauriston', 'Paris', '', '75016', 'Frankreich'),
(10908, 'REGGC', 4, '2026-01-04', '2026-01-04', '2026-01-04', 2, '32.96', 'Reggiani Caseifici', 'Strada Provinciale 124', 'Reggio Emilia', '', '42100', 'Italien'),
(10909, 'SANTG', 1, '2026-01-04', '2026-01-04', '2026-01-04', 2, '53.05', 'Santé Solution', 'Erling Skakkes gate 78', 'Stavern', '', '4110', 'Norwegen'),
(10910, 'WILMK', 1, '2026-01-04', '2026-01-04', '2026-01-04', 3, '38.11', 'Wilman Kala', 'Keskuskatu 45', 'Helsinki', '', '21240', 'Finnland'),
(10911, 'GODOS', 3, '2026-01-04', '2026-01-04', '2026-01-04', 1, '38.19', 'Godos USB', 'C/ Romero, 33', 'Sevilla', '', '41101', 'Spanien'),
(10912, 'HUNGO', 2, '2026-01-04', '2026-01-04', '2026-01-04', 2, '580.91', 'Nicht Owl All-Night Service', '8 Johnstown Road', 'Cork', 'Co. Cork', '', 'Irland'),
(10913, 'QUEEN', 4, '2026-01-04', '2026-01-04', '2026-01-04', 1, '33.05', 'Queen storage', 'Alameda dos Canàrios, 891', 'São Paulo', 'SP', '05487-020', 'Brasilien'),
(10914, 'QUEEN', 6, '2026-01-04', '2026-01-04', '2026-01-04', 1, '21.19', 'Queen storage', 'Alameda dos Canàrios, 891', 'São Paulo', 'SP', '05487-020', 'Brasilien'),
(10915, 'TORTU', 2, '2026-01-04', '2026-01-04', '2026-01-04', 2, '33.51', 'Tortuga network', 'Avda. Azteca 123', 'México D.F.', '', '05033', 'Mexiko'),
(10916, 'RANCH', 1, '2026-01-04', '2026-01-04', '2026-01-04', 2, '63.77', 'Technico grande', 'Av. del Libertador 900', 'Buenos Aires', '', '1010', 'Argentinien'),
(10917, 'ROMEY', 4, '2026-01-04', '2026-01-04', '2026-01-04', 2, '28.29', 'Romero y tomillo', 'Gran Vía, 1', 'Madrid', '', '28001', 'Spanien'),
(10918, 'BOTTM', 3, '2026-01-04', '2026-01-04', '2026-01-04', 3, '48.83', 'Bottom-Dollar Markets', '23 Tsawassen Blvd.', 'Tsawassen', 'BC', 'T2F 8M4', 'Kanada'),
(10919, 'LINOD', 2, '2026-01-04', '2026-01-04', '2026-01-04', 2, '19.80', 'LINO-Technic', 'Ave. 5 de Mayo Porlamar', 'I. de Margarita', 'Nueva Esparta', '4980', 'Venezuela'),
(10920, 'AROUT', 4, '2026-01-04', '2026-01-04', '2026-01-04', 2, '29.61', 'Systems Hanover inc.', 'Brook Farm\r\nStratford St. Mary', 'Colchester', 'Essex', 'CO7 6JX', 'Großbritannien'),
(10921, 'VAFFE', 1, '2026-01-04', '2026-01-04', '2026-01-04', 1, '176.48', 'Vaffeljernet', 'Smagsløget 45', 'Århus', '', '8200', 'Dänemark'),
(10922, 'HANAR', 5, '2026-01-04', '2026-01-04', '2026-01-04', 3, '62.74', 'Bookkeepers', 'Rua do Paço, 67', 'Rio de Janeiro', 'RJ', '05454-876', 'Brasilien'),
(10923, 'LAMAI', 7, '2026-01-04', '2026-01-04', '2026-01-04', 3, '68.26', 'La maison d''Asie', '1 rue Alsace-Lorraine', 'Toulouse', '', '31000', 'Frankreich'),
(10924, 'BERGS', 3, '2026-01-04', '2026-01-04', '2026-01-04', 2, '151.52', 'Berglunds Computer', 'Berguvsvägen  8', 'Luleå', '', 'S-958 22', 'Schweden'),
(10925, 'HANAR', 3, '2026-01-04', '2026-01-04', '2026-01-04', 1, '22.27', 'Bookkeepers', 'Rua do Paço, 67', 'Rio de Janeiro', 'RJ', '05454-876', 'Brasilien'),
(10926, 'ANATR', 4, '2026-01-04', '2026-01-04', '2026-01-04', 3, '39.92', 'Ana Trujillo Expo', 'Avda. de la Constitución 2222', 'México D.F.', '', '05021', 'Mexiko'),
(10927, 'LACOR', 4, '2026-01-04', '2026-01-04', '2026-01-04', 1, '19.79', 'La corne d''abondance', '67, avenue de l''Europe', 'Versailles', '', '78000', 'Frankreich'),
(10928, 'GALED', 1, '2026-01-04', '2026-01-04', '2026-01-04', 1, '31.36', 'Galería del IT', 'Rambla de Cataluña, 23', 'Barcelona', '', '8022', 'Spanien'),
(10929, 'FRANK', 6, '2026-01-04', '2026-01-04', '2026-01-04', 1, '33.93', 'Frankenversand', 'Berliner Platz 43', 'München', '', '80805', 'Deutschland'),
(10930, 'SUPRD', 4, '2026-01-04', '2026-01-04', '2026-01-04', 3, '15.55', 'Suprêmes Consulting', 'Boulevard Tirou, 255', 'Charleroi', '', 'B-6000', 'Belgien'),
(10931, 'RICSU', 4, '2026-01-04', '2026-01-04', '2026-01-04', 2, '13.60', 'Richter Beratung', 'Starenweg 5', 'Genève', '', '1204', 'Schweiz'),
(10932, 'BONAP', 8, '2026-01-04', '2026-01-04', '2026-01-04', 1, '84.64', 'Bon App', '12, rue des Bouchers', 'Marseille', '', '13008', 'Frankreich'),
(10933, 'ISLAT', 6, '2026-01-04', '2026-01-04', '2026-01-04', 3, '54.15', 'Island Trading', 'Garden House\r\nCrowther Way', 'Cowes', 'Isle of Wight', 'PO31 7PJ', 'Großbritannien'),
(10934, 'LEHMS', 3, '2026-01-04', '2026-01-04', '2026-01-04', 3, '32.01', 'Lehmanns Büro', 'Magazinweg 7', 'Frankfurt a.M. ', '', '60528', 'Deutschland'),
(10935, 'WELLI', 4, '2026-01-04', '2026-01-04', '2026-01-04', 3, '47.59', 'Wellington Importadora', 'Rua do Mercado, 12', 'Resende', 'SP', '08737-363', 'Brasilien'),
(10936, 'GREAL', 3, '2026-01-04', '2026-01-04', '2026-01-04', 2, '33.68', 'Great Lakes Component Market', '2732 Baker Blvd.', 'Eugene', 'OR', '97403', 'USA'),
(10937, 'CACTU', 7, '2026-01-04', '2026-01-04', '2026-01-04', 3, '31.51', 'Cactus Tablet Store', 'Cerrito 333', 'Buenos Aires', '', '1010', 'Argentinien'),
(10938, 'QUICK', 3, '2026-01-04', '2026-01-04', '2026-01-04', 2, '31.89', 'QUICK-Stop', 'Taucherstraße 10', 'Cunewalde', '', '01307', 'Deutschland'),
(10939, 'MAGAA', 2, '2026-01-04', '2026-01-04', '2026-01-04', 2, '76.33', 'Magazzini Alimentari Riuniti', 'Via Ludovico il Moro 22', 'Bergamo', '', '24100', 'Italien'),
(10940, 'BONAP', 8, '2026-01-04', '2026-01-04', '2026-01-04', 3, '19.77', 'Bon App', '12, rue des Bouchers', 'Marseille', '', '13008', 'Frankreich'),
(10941, 'SAVEA', 7, '2026-01-04', '2026-01-04', '2026-01-04', 2, '140.81', 'Save-a-lot Markets', '187 Suffolk Ln.', 'Boise', 'ID', '83720', 'USA'),
(10942, 'REGGC', 9, '2026-01-04', '2026-01-04', '2026-01-04', 3, '17.95', 'Reggiani Caseifici', 'Strada Provinciale 124', 'Reggio Emilia', '', '42100', 'Italien'),
(10943, 'BSBEV', 4, '2026-01-04', '2026-01-04', '2026-01-04', 2, '12.17', 'B''s Applicatoin', 'Fauntleroy Circus', 'London', '', 'EC2 5NT', 'Großbritannien'),
(10944, 'BOTTM', 6, '2026-01-04', '2026-01-04', '2026-01-04', 3, '52.92', 'Bottom-Dollar Markets', '23 Tsawassen Blvd.', 'Tsawassen', 'BC', 'T2F 8M4', 'Kanada'),
(10945, 'MORGK', 4, '2026-01-04', '2026-01-04', '2026-01-04', 1, '10.22', 'Morgenstern Anwaltskanzlei', 'Heerstr. 22', 'Leipzig', '', '04179', 'Deutschland'),
(10946, 'VAFFE', 1, '2026-01-04', '2026-01-04', '2026-01-04', 2, '27.20', 'Vaffeljernet', 'Smagsløget 45', 'Århus', '', '8200', 'Dänemark'),
(10947, 'BSBEV', 3, '2026-01-04', '2026-01-04', '2026-01-04', 2, '23.26', 'B''s Applicatoin', 'Fauntleroy Circus', 'London', '', 'EC2 5NT', 'Großbritannien'),
(10948, 'GODOS', 3, '2026-01-04', '2026-01-04', '2026-01-04', 3, '23.39', 'Godos USB', 'C/ Romero, 33', 'Sevilla', '', '41101', 'Spanien'),
(10949, 'BOTTM', 2, '2026-01-04', '2026-01-04', '2026-01-04', 3, '74.44', 'Bottom-Dollar Markets', '23 Tsawassen Blvd.', 'Tsawassen', 'BC', 'T2F 8M4', 'Kanada'),
(10950, 'MAGAA', 1, '2026-01-04', '2026-01-04', '2026-01-04', 2, '12.50', 'Magazzini Alimentari Riuniti', 'Via Ludovico il Moro 22', 'Bergamo', '', '24100', 'Italien'),
(10951, 'RICSU', 9, '2026-01-04', '2026-01-04', '2026-01-04', 2, '30.85', 'Richter Beratung', 'Starenweg 5', 'Genève', '', '1204', 'Schweiz'),
(10952, 'ALFKI', 1, '2026-01-04', '2026-01-04', '2026-01-04', 1, '40.42', 'Alfreds Computerclub', 'Obere Str. 57', 'Berlin', '', '12209', 'Deutschland'),
(10953, 'AROUT', 9, '2026-01-04', '2026-01-04', '2026-01-04', 2, '23.72', 'Systems Hanover inc.', 'Brook Farm\r\nStratford St. Mary', 'Colchester', 'Essex', 'CO7 6JX', 'Großbritannien'),
(10954, 'LINOD', 5, '2026-01-04', '2026-01-04', '2026-01-04', 1, '27.91', 'LINO-Technic', 'Ave. 5 de Mayo Porlamar', 'I. de Margarita', 'Nueva Esparta', '4980', 'Venezuela'),
(10955, 'FOLKO', 8, '2026-01-04', '2026-01-04', '2026-01-04', 2, '13.26', 'Folk och fä HB', 'Åkergatan 24', 'Bräcke', '', 'S-844 67', 'Schweden'),
(10956, 'BLAUS', 6, '2026-01-04', '2026-01-04', '2026-01-04', 2, '44.65', 'Blauer See Komponenten', 'Forsterstr. 57', 'Mannheim', '', '68306', 'Deutschland'),
(10957, 'HILAA', 8, '2026-01-04', '2026-01-04', '2026-01-04', 3, '75.36', 'HILARIÓN-Abastos', 'Carrera 22 con Ave. Carlos Soublette #8-35', 'San Cristóbal', 'Táchira', '5022', 'Venezuela'),
(10958, 'OCEAN', 7, '2026-01-04', '2026-01-04', '2026-01-04', 2, '49.56', 'Océano Atlántico Ltda.', 'Ing. Gustavo Moncada 8585\r\nPiso 20-A', 'Buenos Aires', '', '1010', 'Argentinien'),
(10959, 'GOURL', 6, '2026-01-04', '2026-01-04', '2026-01-04', 2, '34.98', 'Systems Lanchonetes', 'Av. Brasil, 442', 'Campinas', 'SP', '04876-786', 'Brasilien'),
(10960, 'HILAA', 3, '2026-01-04', '2026-01-04', '2026-01-04', 1, '22.08', 'HILARIÓN-Abastos', 'Carrera 22 con Ave. Carlos Soublette #8-35', 'San Cristóbal', 'Táchira', '5022', 'Venezuela'),
(10961, 'QUEEN', 8, '2026-01-04', '2026-01-04', '2026-01-04', 1, '104.47', 'Queen storage', 'Alameda dos Canàrios, 891', 'São Paulo', 'SP', '05487-020', 'Brasilien'),
(10962, 'QUICK', 8, '2026-01-04', '2026-01-04', '2026-01-04', 2, '75.79', 'QUICK-Stop', 'Taucherstraße 10', 'Cunewalde', '', '01307', 'Deutschland'),
(10963, 'FURIB', 9, '2026-01-04', '2026-01-04', '2026-01-04', 3, '22.70', 'Furia Bacalhau', 'Jardim das rosas n. 32', 'Lisboa', '', '1675', 'Portugal'),
(10964, 'SPECD', 3, '2026-01-04', '2026-01-04', '2026-01-04', 2, '87.38', 'Spécialités du monde', '25, rue Lauriston', 'Paris', '', '75016', 'Frankreich'),
(10965, 'OLDWO', 6, '2026-01-04', '2026-01-04', '2026-01-04', 3, '144.38', 'Old World Support', '2743 Bering St.', 'Anchorage', 'AK', '99508', 'USA'),
(10966, 'CHOPS', 4, '2026-01-04', '2026-01-04', '2026-01-04', 1, '27.19', 'Huawei Outlet', 'Hauptstr. 31', 'Bern', '', '3012', 'Schweiz'),
(10967, 'TOMSP', 2, '2026-01-04', '2026-01-04', '2026-01-04', 2, '62.22', 'Toms Computerbude', 'Luisenstr. 48', 'Münster', '', '44087', 'Deutschland'),
(10968, 'ERNSH', 1, '2026-01-04', '2026-01-04', '2026-01-04', 3, '74.60', 'Ernst Handel', 'Kirchgasse 6', 'Graz', '', '8010', 'Österreich'),
(10969, 'COMMI', 1, '2026-01-04', '2026-01-04', '2026-01-04', 2, '10.21', 'Comércio Mineiro', 'Av. dos Lusíadas, 23', 'São Paulo', 'SP', '05432-043', 'Brasilien'),
(10970, 'BOLID', 9, '2026-01-04', '2026-01-04', '2026-01-04', 1, '16.16', 'Bólido Computer', 'C/ Araquil, 67', 'Madrid', '', '28023', 'Spanien'),
(10971, 'FRANR', 2, '2026-01-04', '2026-01-04', '2026-01-04', 2, '121.82', 'France restauration', '54, rue Royale', 'Nantes', '', '44000', 'Frankreich'),
(10972, 'LACOR', 4, '2026-01-04', '2026-01-04', '2026-01-04', 2, '10.02', 'La corne d''abondance', '67, avenue de l''Europe', 'Versailles', '', '78000', 'Frankreich'),
(10973, 'LACOR', 6, '2026-01-04', '2026-01-04', '2026-01-04', 2, '15.17', 'La corne d''abondance', '67, avenue de l''Europe', 'Versailles', '', '78000', 'Frankreich'),
(10974, 'SPLIR', 3, '2026-01-04', '2026-01-04', '2026-01-04', 3, '12.96', 'Split Rail Beer & Ale', 'P.O. Box 555', 'Lander', 'WY', '82520', 'USA'),
(10975, 'BOTTM', 1, '2026-01-04', '2026-01-04', '2026-01-04', 3, '32.27', 'Bottom-Dollar Markets', '23 Tsawassen Blvd.', 'Tsawassen', 'BC', 'T2F 8M4', 'Kanada'),
(10976, 'HILAA', 1, '2026-01-04', '2026-01-04', '2026-01-04', 1, '37.97', 'HILARIÓN-Abastos', 'Carrera 22 con Ave. Carlos Soublette #8-35', 'San Cristóbal', 'Táchira', '5022', 'Venezuela'),
(10977, 'FOLKO', 8, '2026-01-04', '2026-01-04', '2026-01-04', 3, '58.50', 'Folk och fä HB', 'Åkergatan 24', 'Bräcke', '', 'S-844 67', 'Schweden'),
(10978, 'MAISD', 9, '2026-01-04', '2026-01-04', '2026-01-04', 2, '32.82', 'Maison Dewey', 'Rue Joseph-Bens 532', 'Bruxelles', '', 'B-1180', 'Belgien'),
(10979, 'ERNSH', 8, '2026-01-04', '2026-01-04', '2026-01-04', 2, '53.07', 'Ernst Handel', 'Kirchgasse 6', 'Graz', '', '8010', 'Österreich'),
(10980, 'FOLKO', 4, '2026-01-04', '2026-01-04', '2026-01-04', 1, '21.26', 'Folk och fä HB', 'Åkergatan 24', 'Bräcke', '', 'S-844 67', 'Schweden'),
(10981, 'HANAR', 1, '2026-01-04', '2026-01-04', '2026-01-04', 2, '93.37', 'Bookkeepers', 'Rua do Paço, 67', 'Rio de Janeiro', 'RJ', '05454-876', 'Brasilien'),
(10982, 'BOTTM', 2, '2026-01-04', '2026-01-04', '2026-01-04', 1, '14.01', 'Bottom-Dollar Markets', '23 Tsawassen Blvd.', 'Tsawassen', 'BC', 'T2F 8M4', 'Kanada'),
(10983, 'SAVEA', 2, '2026-01-04', '2026-01-04', '2026-01-04', 2, '67.54', 'Save-a-lot Markets', '187 Suffolk Ln.', 'Boise', 'ID', '83720', 'USA'),
(10984, 'SAVEA', 1, '2026-01-04', '2026-01-04', '2026-01-04', 3, '81.22', 'Save-a-lot Markets', '187 Suffolk Ln.', 'Boise', 'ID', '83720', 'USA'),
(10985, 'HUNGO', 2, '2026-01-04', '2026-01-04', '2026-01-04', 1, '91.51', 'Nicht Owl All-Night Service', '8 Johnstown Road', 'Cork', 'Co. Cork', '', 'Irland'),
(10986, 'OCEAN', 8, '2026-01-04', '2026-01-04', '2026-01-04', 2, '117.86', 'Océano Atlántico Ltda.', 'Ing. Gustavo Moncada 8585\r\nPiso 20-A', 'Buenos Aires', '', '1010', 'Argentinien'),
(10987, 'EASTC', 8, '2026-01-04', '2026-01-04', '2026-01-04', 1, '85.48', 'Eastern Connection', '35 King George', 'London', '', 'WX3 6FW', 'Großbritannien'),
(10988, 'RATTC', 3, '2026-01-04', '2026-01-04', '2026-01-04', 2, '61.14', 'Rattlesnake Canyon consulting', '2817 Milton Dr.', 'Albuquerque', 'NM', '87110', 'USA'),
(10989, 'QUEDE', 2, '2026-01-04', '2026-01-04', '2026-01-04', 1, '34.76', 'Que Delícia', 'Rua da Panificadora, 12', 'Rio de Janeiro', 'RJ', '02389-673', 'Brasilien'),
(10990, 'ERNSH', 2, '2026-01-04', '2026-01-04', '2026-01-04', 3, '57.61', 'Ernst Handel', 'Kirchgasse 6', 'Graz', '', '8010', 'Österreich'),
(10991, 'QUICK', 1, '2026-01-04', '2026-01-04', '2026-01-04', 1, '38.51', 'QUICK-Stop', 'Taucherstraße 10', 'Cunewalde', '', '01307', 'Deutschland'),
(10992, 'THEBI', 1, '2026-01-04', '2026-01-04', '2026-01-04', 3, '34.27', 'The Big Apple', '89 Jefferson Way\r\nSuite 2', 'Portland', 'OR', '97201', 'USA'),
(10993, 'FOLKO', 7, '2026-01-04', '2026-01-04', '2026-01-04', 3, '28.81', 'Folk och fä HB', 'Åkergatan 24', 'Bräcke', '', 'S-844 67', 'Schweden'),
(10994, 'VAFFE', 2, '2026-01-04', '2026-01-04', '2026-01-04', 3, '65.53', 'Vaffeljernet', 'Smagsløget 45', 'Århus', '', '8200', 'Dänemark'),
(10995, 'PERIC', 1, '2026-01-04', '2026-01-04', '2026-01-04', 3, '46.00', 'Pericles Comidas clásicas', 'Calle Dr. Jorge Cash 321', 'México D.F.', '', '05033', 'Mexiko'),
(10996, 'QUICK', 4, '2026-01-04', '2026-01-04', '2026-01-04', 2, '21.12', 'QUICK-Stop', 'Taucherstraße 10', 'Cunewalde', '', '01307', 'Deutschland'),
(10997, 'LILAS', 8, '2026-01-04', '2026-01-04', '2026-01-04', 2, '73.91', 'LILA-Supermercado', 'Carrera 52 con Ave. Bolívar #65-98 Llano Largo', 'Barquisimeto', 'Lara', '3508', 'Venezuela'),
(10998, 'WOLZA', 8, '2026-01-04', '2026-01-04', '2026-01-04', 2, '20.31', 'Wolski  Zajazd', 'ul. Filtrowa 68', 'Warszawa', '', '01-012', 'Polen'),
(10999, 'OTTIK', 6, '2026-01-04', '2026-01-04', '2026-01-04', 2, '96.35', 'Ottilies Netzwerke', 'Mehrheimerstr. 369', 'Köln', '', '50739', 'Deutschland'),
(11000, 'RATTC', 2, '2026-01-04', '2026-01-04', '2026-01-04', 3, '55.12', 'Rattlesnake Canyon consulting', '2817 Milton Dr.', 'Albuquerque', 'NM', '87110', 'USA'),
(11001, 'FOLKO', 2, '2026-01-04', '2026-01-04', '2026-01-04', 2, '97.30', 'Folk och fä HB', 'Åkergatan 24', 'Bräcke', '', 'S-844 67', 'Schweden'),
(11002, 'SAVEA', 4, '2026-01-04', '2026-01-04', '2026-01-04', 1, '141.16', 'Save-a-lot Markets', '187 Suffolk Ln.', 'Boise', 'ID', '83720', 'USA'),
(11003, 'THECR', 3, '2026-01-04', '2026-01-04', '2026-01-04', 3, '14.91', 'The Cracker Box', '55 Grizzly Peak Rd.', 'Butte', 'MT', '59801', 'USA'),
(11004, 'MAISD', 3, '2026-01-04', '2026-01-04', '2026-01-04', 1, '44.84', 'Maison Dewey', 'Rue Joseph-Bens 532', 'Bruxelles', '', 'B-1180', 'Belgien'),
(11005, 'WILMK', 2, '2026-01-04', '2026-01-04', '2026-01-04', 1, '20.75', 'Wilman Kala', 'Keskuskatu 45', 'Helsinki', '', '21240', 'Finnland'),
(11006, 'GREAL', 3, '2026-01-04', '2026-01-04', '2026-01-04', 2, '25.19', 'Great Lakes Component Market', '2732 Baker Blvd.', 'Eugene', 'OR', '97403', 'USA'),
(11007, 'PRINI', 8, '2026-01-04', '2026-01-04', '2026-01-04', 2, '102.24', 'Princesa Isabel Vinhos', 'Estrada da saúde n. 58', 'Lisboa', '', '1756', 'Portugal'),
(11008, 'ERNSH', 7, '2025-12-13', '2025-12-15', '2025-12-13', 3, '79.46', 'Ernst Handel', 'Kirchgasse 6', 'Graz', '', '8010', 'Österreich'),
(11009, 'GODOS', 2, '2026-01-04', '2026-01-04', '2026-01-04', 1, '59.11', 'Godos USB', 'C/ Romero, 33', 'Sevilla', '', '41101', 'Spanien'),
(11010, 'REGGC', 2, '2026-01-04', '2026-01-04', '2026-01-04', 2, '28.71', 'Reggiani Caseifici', 'Strada Provinciale 124', 'Reggio Emilia', '', '42100', 'Italien'),
(11011, 'ALFKI', 3, '2026-01-04', '2026-01-04', '2026-01-04', 1, '31.21', 'Alfreds Computerclub', '23 Tsawassen Blvd.', 'Berlin', '', '12209', 'Kanada'),
(11012, 'FRANK', 1, '2026-01-04', '2026-01-04', '2026-01-04', 3, '42.95', 'Frankenversand', 'Berliner Platz 43', 'München', '', '80805', 'Deutschland'),
(11013, 'ROMEY', 2, '2026-01-04', '2026-01-04', '2026-01-04', 1, '32.99', 'Romero y tomillo', 'Gran Vía, 1', 'Madrid', '', '28001', 'Spanien'),
(11014, 'LINOD', 2, '2026-01-04', '2026-01-04', '2026-01-04', 3, '23.60', 'LINO-Technic', 'Ave. 5 de Mayo Porlamar', 'I. de Margarita', 'Nueva Esparta', '4980', 'Venezuela'),
(11015, 'SANTG', 2, '2026-01-04', '2026-01-04', '2026-01-04', 2, '44.62', 'Santé Solution', 'Erling Skakkes gate 78', 'Stavern', '', '4110', 'Norwegen'),
(11016, 'AROUT', 9, '2026-01-04', '2026-01-04', '2026-01-04', 2, '33.80', 'Systems Hanover inc.', 'Brook Farm\r\nStratford St. Mary', 'Colchester', 'Essex', 'CO7 6JX', 'Großbritannien'),
(11017, 'ERNSH', 9, '2026-01-04', '2026-01-04', '2026-01-04', 2, '154.26', 'Ernst Handel', 'Kirchgasse 6', 'Graz', '', '8010', 'Österreich'),
(11018, 'LONEP', 4, '2026-01-04', '2026-01-04', '2026-01-04', 2, '11.65', 'Lonesome digital Rider', '89 Chiaroscuro Rd.', 'Portland', 'OR', '97219', 'USA'),
(11019, 'RANCH', 6, '2025-12-01', '2025-12-10', '2025-12-01', 3, '33.17', 'Technico grande', 'Av. del Libertador 900', 'Buenos Aires', '', '1010', 'Argentinien'),
(11020, 'OTTIK', 2, '2026-01-04', '2026-01-04', '2026-01-04', 2, '43.30', 'Ottilies Netzwerke', 'Mehrheimerstr. 369', 'Köln', '', '50739', 'Deutschland'),
(11021, 'QUICK', 3, '2026-01-04', '2026-01-04', '2026-01-04', 1, '97.18', 'QUICK-Stop', 'Taucherstraße 10', 'Cunewalde', '', '01307', 'Deutschland'),
(11022, 'HANAR', 9, '2026-01-04', '2026-01-04', '2026-01-04', 2, '36.27', 'Bookkeepers', 'Rua do Paço, 67', 'Rio de Janeiro', 'RJ', '05454-876', 'Brasilien'),
(11023, 'BSBEV', 1, '2026-01-04', '2026-01-04', '2026-01-04', 2, '73.83', 'B''s Applicatoin', 'Fauntleroy Circus', 'London', '', 'EC2 5NT', 'Großbritannien'),
(11024, 'EASTC', 4, '2026-01-04', '2026-01-04', '2026-01-04', 1, '74.36', 'Eastern Connection', '35 King George', 'London', '', 'WX3 6FW', 'Großbritannien'),
(11025, 'WARTH', 6, '2026-01-04', '2026-01-04', '2026-01-04', 3, '29.17', 'Wartian Herkku', 'Torikatu 38', 'Oulu', '', '90110', 'Finnland'),
(11026, 'FRANS', 4, '2026-01-04', '2026-01-04', '2026-01-04', 1, '47.09', 'Franchi S.p.A.', 'Via Monte Bianco 34', 'Torino', '', '10100', 'Italien'),
(11027, 'BOTTM', 1, '2026-01-04', '2026-01-04', '2026-01-04', 1, '52.52', 'Bottom-Dollar Markets', '23 Tsawassen Blvd.', 'Tsawassen', 'BC', 'T2F 8M4', 'Kanada'),
(11028, 'KOENE', 2, '2026-01-04', '2026-01-04', '2026-01-04', 1, '29.59', 'IT-Beratung', 'Maubelstr. 90', 'Brandenburg', '', '14776', 'Deutschland'),
(11029, 'CHOPS', 4, '2026-01-04', '2026-01-04', '2026-01-04', 1, '47.84', 'Huawei Outlet', 'Hauptstr. 31', 'Bern', '', '3012', 'Schweiz'),
(11030, 'SAVEA', 7, '2026-01-04', '2026-01-04', '2026-01-04', 2, '230.75', 'Save-a-lot Markets', '187 Suffolk Ln.', 'Boise', 'ID', '83720', 'USA'),
(11031, 'SAVEA', 6, '2026-01-04', '2026-01-04', '2026-01-04', 2, '227.22', 'Save-a-lot Markets', '187 Suffolk Ln.', 'Boise', 'ID', '83720', 'USA'),
(11032, 'WHITC', 2, '2026-01-04', '2026-01-04', '2026-01-04', 3, '106.19', 'White Clover Markets', '1029 - 12th Ave. S.', 'Seattle', 'WA', '98124', 'USA'),
(11033, 'RICSU', 7, '2026-01-04', '2026-01-04', '2026-01-04', 3, '84.74', 'Richter Beratung', 'Starenweg 5', 'Genève', '', '1204', 'Schweiz'),
(11034, 'OLDWO', 8, '2026-01-04', '2026-01-04', '2026-01-04', 1, '40.32', 'Old World Support', '2743 Bering St.', 'Anchorage', 'AK', '99508', 'USA'),
(11035, 'SUPRD', 2, '2026-01-04', '2026-01-04', '2026-01-04', 2, '20.17', 'Suprêmes Consulting', 'Boulevard Tirou, 255', 'Charleroi', '', 'B-6000', 'Belgien'),
(11036, 'DRACD', 8, '2026-01-04', '2026-01-04', '2026-01-04', 3, '49.47', 'Drachenblut Computerspiele', 'Walserweg 21', 'Aachen', '', '52066', 'Deutschland'),
(11037, 'GODOS', 7, '2026-01-04', '2026-01-04', '2026-01-04', 1, '43.20', 'Godos USB', 'C/ Romero, 33', 'Sevilla', '', '41101', 'Spanien'),
(11038, 'SUPRD', 1, '2026-01-04', '2026-01-04', '2026-01-04', 2, '29.59', 'Suprêmes Consulting', 'Boulevard Tirou, 255', 'Charleroi', '', 'B-6000', 'Belgien'),
(11039, 'LINOD', 1, '2025-12-06', '2025-12-10', '2025-12-06', 2, '65.00', 'LINO-Technic', 'Ave. 5 de Mayo Porlamar', 'I. de Margarita', 'Nueva Esparta', '4980', 'Venezuela'),
(11040, 'GREAL', 4, '2025-12-12', '2025-12-17', '2025-12-12', 3, '18.84', 'Great Lakes Component Market', '2732 Baker Blvd.', 'Eugene', 'OR', '97403', 'USA'),
(11041, 'CHOPS', 3, '2026-01-04', '2026-01-04', '2026-01-04', 2, '48.22', 'Huawei Outlet', 'Hauptstr. 31', 'Bern', '', '3012', 'Schweiz'),
(11042, 'COMMI', 2, '2026-01-04', '2026-01-04', '2026-01-04', 1, '29.99', 'Comércio Mineiro', 'Av. dos Lusíadas, 23', 'São Paulo', 'SP', '05432-043', 'Brasilien'),
(11043, 'SPECD', 5, '2026-01-04', '2026-01-04', '2026-01-04', 2, '18.80', 'Spécialités du monde', '25, rue Lauriston', 'Paris', '', '75016', 'Frankreich'),
(11044, 'WOLZA', 4, '2026-01-04', '2026-01-04', '2026-01-04', 1, '28.72', 'Wolski  Zajazd', 'ul. Filtrowa 68', 'Warszawa', '', '01-012', 'Polen'),
(11045, 'BOTTM', 6, '2025-12-10', '2025-12-18', '2025-12-12', 2, '70.58', 'Bottom-Dollar Markets', '23 Tsawassen Blvd.', 'Tsawassen', 'BC', 'T2F 8M4', 'Kanada'),
(11046, 'WANDK', 8, '2026-01-04', '2026-01-04', '2026-01-04', 4, '71.64', 'Die IT Spezialisten', 'Adenauerallee 900', 'Stuttgart', '', '70563', 'Deutschland'),
(11047, 'EASTC', 7, '2026-01-04', '2026-01-04', '2026-01-04', 3, '46.62', 'Eastern Connection', '35 King George', 'London', '', 'WX3 6FW', 'Großbritannien'),
(11048, 'BOTTM', 7, '2026-01-04', '2026-01-04', '2026-01-04', 3, '24.12', 'Bottom-Dollar Markets', '23 Tsawassen Blvd.', 'Tsawassen', 'BC', 'T2F 8M4', 'Kanada'),
(11049, 'GOURL', 3, '2026-01-04', '2026-01-04', '2026-01-04', 1, '38.34', 'Systems Lanchonetes', 'Av. Brasil, 442', 'Campinas', 'SP', '04876-786', 'Brasilien'),
(11050, 'FOLKO', 8, '2026-01-04', '2026-01-04', '2026-01-04', 2, '59.41', 'Folk och fä HB', 'Åkergatan 24', 'Bräcke', '', 'S-844 67', 'Schweden'),
(11051, 'LAMAI', 7, '2025-12-19', '2025-12-22', '2025-12-20', 3, '12.79', 'La maison d''Asie', '1 rue Alsace-Lorraine', 'Toulouse', '', '31000', 'Frankreich'),
(11052, 'HANAR', 3, '2026-01-04', '2026-01-04', '2026-01-04', 1, '67.26', 'Bookkeepers', 'Rua do Paço, 67', 'Rio de Janeiro', 'RJ', '05454-876', 'Brasilien'),
(11053, 'PICCO', 2, '2026-01-04', '2026-01-04', '2026-01-04', 2, '53.05', 'Beratung und mehr', 'Geislweg 14', 'Salzburg', '', '5020', 'Österreich'),
(11054, 'CACTU', 8, '2025-12-13', '2025-12-20', '2025-12-14', 1, '20.33', 'Cactus Tablet Store', 'Cerrito 333', 'Buenos Aires', '', '1010', 'Argentinien'),
(11055, 'HILAA', 7, '2026-01-04', '2026-01-04', '2026-01-04', 2, '120.92', 'HILARIÓN-Abastos', 'Carrera 22 con Ave. Carlos Soublette #8-35', 'San Cristóbal', 'Táchira', '5022', 'Venezuela'),
(11056, 'EASTC', 8, '2026-01-04', '2026-01-04', '2026-01-04', 2, '78.96', 'Eastern Connection', '35 King George', 'London', '', 'WX3 6FW', 'Großbritannien'),
(11057, 'NORTS', 3, '2026-01-04', '2026-01-04', '2026-01-04', 3, '24.13', 'North/South', 'South House\r\n300 Queensbridge', 'London', '', 'SW7 1RZ', 'Großbritannien'),
(11058, 'BLAUS', 9, '2025-12-13', '2025-12-14', '2025-12-13', 3, '31.14', 'Blauer See Komponenten', 'Forsterstr. 57', 'Mannheim', '', '68306', 'Deutschland'),
(11059, 'RICAR', 2, '2025-12-13', '2025-12-20', '2025-12-14', 2, '85.80', 'Ricardo Adocicados', 'Av. Copacabana, 267', 'Rio de Janeiro', 'RJ', '02389-890', 'Brasilien'),
(11060, 'FRANS', 2, '2026-01-04', '2026-01-04', '2026-01-04', 2, '10.98', 'Franchi S.p.A.', 'Via Monte Bianco 34', 'Torino', '', '10100', 'Italien'),
(11061, 'GREAL', 4, '2025-12-13', '2025-12-20', '2025-12-14', 3, '14.01', 'Great Lakes Component Market', '2732 Baker Blvd.', 'Eugene', 'OR', '97403', 'USA'),
(11062, 'REGGC', 4, '2025-12-13', '2025-12-17', '2025-12-14', 2, '29.93', 'Reggiani Caseifici', 'Strada Provinciale 124', 'Reggio Emilia', '', '42100', 'Italien'),
(11063, 'HUNGO', 3, '2026-01-04', '2026-01-04', '2026-01-04', 2, '81.73', 'Nicht Owl All-Night Service', '8 Johnstown Road', 'Cork', 'Co. Cork', '', 'Irland'),
(11064, 'SAVEA', 1, '2026-01-04', '2026-01-04', '2026-01-04', 1, '30.09', 'Save-a-lot Markets', '187 Suffolk Ln.', 'Boise', 'ID', '83720', 'USA'),
(11065, 'LILAS', 8, '2025-12-13', '2025-12-20', '2025-12-14', 1, '12.91', 'LILA-Supermercado', 'Carrera 52 con Ave. Bolívar #65-98 Llano Largo', 'Barquisimeto', 'Lara', '3508', 'Venezuela'),
(11066, 'WHITC', 7, '2026-01-04', '2026-01-04', '2026-01-04', 2, '44.72', 'White Clover Markets', '1029 - 12th Ave. S.', 'Seattle', 'WA', '98124', 'USA'),
(11067, 'DRACD', 1, '2026-01-04', '2026-01-04', '2026-01-04', 6, '7.98', 'Drachenblut Computerspiele', 'Walserweg 21', 'Aachen', '', '52066', 'Deutschland'),
(11068, 'QUEEN', 8, '2025-12-13', '2025-12-20', '2025-12-14', 2, '51.75', 'Queen storage', 'Alameda dos Canàrios, 891', 'São Paulo', 'SP', '05487-020', 'Brasilien'),
(11069, 'TORTU', 1, '2026-01-04', '2026-01-04', '2026-01-04', 2, '15.67', 'Tortuga network', 'Avda. Azteca 123', 'México D.F.', '', '05033', 'Mexiko'),
(11070, 'LEHMS', 2, '2025-12-22', '2025-12-23', '2025-12-22', 1, '36.00', 'Lehmanns Büro', 'Magazinweg 7', 'Frankfurt a.M. ', '', '60528', 'Deutschland'),
(11071, 'LILAS', 1, '2025-12-13', '2025-12-20', '2025-12-14', 1, '18.93', 'LILA-Supermercado', 'Carrera 52 con Ave. Bolívar #65-98 Llano Largo', 'Barquisimeto', 'Lara', '3508', 'Venezuela'),
(11072, 'ERNSH', 4, '2025-12-13', '2025-12-16', '2025-12-14', 2, '58.64', 'Ernst Handel', 'Kirchgasse 6', 'Graz', '', '8010', 'Österreich'),
(11073, 'PERIC', 2, '2025-12-14', '2025-12-22', '2025-12-14', 2, '24.95', 'Pericles Comidas clásicas', 'Calle Dr. Jorge Cash 321', 'México D.F.', '', '05033', 'Mexiko'),
(11074, 'SIMOB', 7, '2025-12-15', '2025-12-17', '2025-12-15', 2, '18.44', 'Simons bistro', 'Vinbæltet 34', 'København', '', '1734', 'Dänemark'),
(11075, 'RICSU', 8, '2025-12-22', '2025-12-23', '2025-12-22', 2, '16.19', 'Richter Beratung', 'Starenweg 5', 'Genève', '', '1204', 'Schweiz'),
(11076, 'BONAP', 4, '2025-12-22', '2025-12-24', '2025-12-22', 2, '38.28', 'Bon App', '12, rue des Bouchers', 'Marseille', '', '13008', 'Frankreich'),
(11077, 'RATTC', 1, '2025-12-14', '2025-12-22', '2025-12-14', 2, '28.53', 'Rattlesnake Canyon consulting', '2817 Milton Dr.', 'Albuquerque', 'NM', '87110', 'USA');

-- --------------------------------------------------------

--
-- Tabellenstruktur für Tabelle `kategorie`
--

CREATE TABLE `kategorie` (
  `KategorieNr` int(3) NOT NULL,
  `Kategoriename` varchar(14) DEFAULT NULL,
  `Beschreibung` varchar(38) DEFAULT NULL
) ENGINE=InnoDB DEFAULT CHARSET=utf8;

--
-- Daten für Tabelle `kategorie`
--

INSERT INTO `kategorie` (`KategorieNr`, `Kategoriename`, `Beschreibung`) VALUES
(1, 'Speichersticks', 'USB-Speichersticks'),
(2, 'Gehäuse', 'PC-Gehäuse und Halterungen'),
(3, 'Festplatten', 'Festplatten SSD und normal'),
(4, 'Peripherie', 'Kabel und Zubehör'),
(5, 'Tastaturen', 'Tastaturen, kabelgebunden und kabellos'),
(6, 'Mäuse', 'Mäuse, kabelgebunden und kabellos'),
(7, 'Monitore', 'Monitore'),
(8, 'Tablet', 'Tabletcomputer'),
(9, 'Grafikkarten', 'für jeden Anwendungsbereich');

-- --------------------------------------------------------

--
-- Tabellenstruktur für Tabelle `kunde`
--

CREATE TABLE `kunde` (
  `KundenCode` varchar(5) NOT NULL,
  `Firma` varchar(36) DEFAULT NULL,
  `Kontaktperson` varchar(23) DEFAULT NULL,
  `Position` varchar(26) DEFAULT NULL,
  `Strasse` varchar(46) DEFAULT NULL,
  `Ort` varchar(15) DEFAULT NULL,
  `Region` varchar(13) DEFAULT NULL,
  `PLZ` varchar(9) DEFAULT NULL,
  `Land` varchar(14) DEFAULT NULL,
  `Telefon` varchar(17) DEFAULT NULL,
  `Telefax` varchar(17) DEFAULT NULL
) ENGINE=InnoDB DEFAULT CHARSET=utf8;

--
-- Daten für Tabelle `kunde`
--

INSERT INTO `kunde` (`KundenCode`, `Firma`, `Kontaktperson`, `Position`, `Strasse`, `Ort`, `Region`, `PLZ`, `Land`, `Telefon`, `Telefax`) VALUES
('ALFKI', 'Alfreds Computerclub', 'Maria Anders', 'Vertriebsmitarbeiterin', 'Obere Str. 57', 'Berlin', '', '12209', 'Deutschland', '030-0074321', '030-0076545'),
('ANATR', 'Ana Trujillo Expo', 'Ana Trujillo', 'Inhaberin', 'Avda. de la Constitución 2222', 'México D.F.', '', '05021', 'Mexiko', '(5) 555-4729', '(5) 555-3745'),
('ANTON', 'Antonio Moreno IT', 'Antonio Moreno', 'Inhaber', 'Mataderos  2312', 'México D.F.', '', '05023', 'Mexiko', '(5) 555-3932', ''),
('AROUT', 'Systems Hanover inc.', 'Thomas Hardy', 'Vertriebsmitarbeiter', '120 Hanover Sq.', 'London', '', 'WA1 1DP', 'Großbritannien', '(71) 555-7788', '(71) 555-6750'),
('BERGS', 'Berglunds Computer', 'Christina Berglund', 'Einkaufsleitung', 'Berguvsvägen  8', 'Luleå', '', 'S-958 22', 'Schweden', '0921-12 34 65', '0921-12 34 67'),
('BLAUS', 'Blauer See Komponenten', 'Hanna Moos', 'Vertriebsmitarbeiterin', 'Forsterstr. 57', 'Mannheim', '', '68306', 'Deutschland', '0621-08460', '0621-08924'),
('BLONP', 'Blondel Consult', 'Frédérique Citeaux', 'Marketingmanager', '24, place Kléber', 'Strasbourg', '', '67000', 'Frankreich', '88.60.15.31', '88.60.15.32'),
('BOLID', 'Bólido Computer', 'Martín Sommer', 'Inhaber', 'C/ Araquil, 67', 'Madrid', '', '28023', 'Spanien', '(91) 555 22 82', '(91) 555 91 99'),
('BONAP', 'Bon App', 'Laurence Lebihan', 'Inhaber', '12, rue des Bouchers', 'Marseille', '', '13008', 'Frankreich', '91.24.45.40', '91.24.45.41'),
('BOTTM', 'Bottom-Dollar Markets', 'Elizabeth Lincoln', 'Buchhalterin', '23 Tsawassen Blvd.', 'Tsawassen', 'BC', 'T2F 8M4', 'Kanada', '(604) 555-4729', '(604) 555-3745'),
('BSBEV', 'B''s Applicatoin', 'Victoria Ashworth', 'Vertriebsmitarbeiterin', 'Fauntleroy Circus', 'London', '', 'EC2 5NT', 'Großbritannien', '(71) 555-1212', ''),
('CACTU', 'Cactus Tablet Store', 'Patricio Simpson', 'Vertriebsagent', 'Cerrito 333', 'Buenos Aires', '', '1010', 'Argentinien', '(1) 135-5555', '(1) 135-4892'),
('CENTC', 'Centro comercial Moctezuma', 'Francisco Chang', 'Marketingmanager', 'Sierras de Granada 9993', 'México D.F.', '', '05022', 'Mexiko', '(5) 555-3392', '(5) 555-7293'),
('CHOPS', 'Huawei Outlet', 'Yang Wang', 'Inhaber', 'Hauptstr. 29', 'Bern', '', '3012', 'Schweiz', '0452-076545', ''),
('COMMI', 'Comércio Mineiro', 'Pedro Afonso', 'Vertriebsassistent', 'Av. dos Lusíadas, 23', 'São Paulo', 'SP', '05432-043', 'Brasilien', '(11) 555-7647', ''),
('CONSH', 'Consolidated Holdings', 'Elizabeth Brown', 'Vertriebsmitarbeiterin', 'Berkeley Gardens\r\n12  Brewery ', 'London', '', 'WX1 6LT', 'Großbritannien', '(71) 555-2282', '(71) 555-9199'),
('DRACD', 'Drachenblut Computerspiele', 'Sven Ottlieb', 'Einkaufsleitung', 'Walserweg 21', 'Aachen', '', '52066', 'Deutschland', '0241-039123', '0241-059428'),
('DUMON', 'Du monde entier', 'Janine Labrune', 'Inhaberin', '67, rue des Cinquante Otages', 'Nantes', '', '44000', 'Frankreich', '40.67.88.88', '40.67.89.89'),
('EASTC', 'Eastern Connection', 'Ann Devon', 'Vertriebsagent', '35 King George', 'London', '', 'WX3 6FW', 'Großbritannien', '(71) 555-0297', '(71) 555-3373'),
('ERNSH', 'Ernst Handel', 'Roland Mendel', 'Vertriebsmanager', 'Kirchgasse 6', 'Graz', '', '8010', 'Österreich', '7675-3425', '7675-3426'),
('FAMIA', 'Familia Arquibaldo', 'Aria Cruz', 'Marketingassistentin', 'Rua Orós, 92', 'São Paulo', 'SP', '05442-030', 'Brasilien', '(11) 555-9857', ''),
('FISSA', 'FISSA Fabrica Inter. Salchichas S.A.', 'Diego Roel', 'Buchhalter', 'C/ Moralzarzal, 86', 'Madrid', '', '28034', 'Spanien', '(91) 555 94 44', '(91) 555 55 93'),
('FOLIG', 'Folies IT', 'Martine Rancé', 'Vertriebsagentassistent', '184, chaussée de Tournai', 'Lille', '', '59000', 'Frankreich', '20.16.10.16', '20.16.10.17'),
('FOLKO', 'Folk och fä HB', 'Maria Larsson', 'Inhaberin', 'Åkergatan 24', 'Bräcke', '', 'S-844 67', 'Schweden', '0695-34 67 21', ''),
('FRANK', 'Frankenversand', 'Peter Franken', 'Marketingmanager', 'Berliner Platz 43', 'München', '', '80805', 'Deutschland', '089-0877310', '089-0877451'),
('FRANR', 'France restauration', 'Carine Schmitt', 'Marketingmanager', '54, rue Royale', 'Nantes', '', '44000', 'Frankreich', '40.32.21.21', '40.32.21.20'),
('FRANS', 'Franchi S.p.A.', 'Paolo Accorti', 'Vertriebsmitarbeiterin', 'Via Monte Bianco 34', 'Torino', '', '10100', 'Italien', '011-4988260', '011-4988261'),
('FURIB', 'Furia Bacalhau', 'Lino Rodriguez ', 'Vertriebsmanager', 'Jardim das rosas n. 32', 'Lisboa', '', '1675', 'Portugal', '(1) 354-2534', '(1) 354-2535'),
('GALED', 'Galería del IT', 'Eduardo Saavedra', 'Marketingmanager', 'Rambla de Cataluña, 23', 'Barcelona', '', '08022', 'Spanien', '(93) 203 4560', '(93) 203 4561'),
('GODOS', 'Godos USB', 'José Pedro Freyre', 'Vertriebsmanager', 'C/ Romero, 33', 'Sevilla', '', '41101', 'Spanien', '(95) 555 82 82', ''),
('GOURL', 'Systems Lanchonetes', 'André Fonseca', 'Vertriebsassistent', 'Av. Brasil, 442', 'Campinas', 'SP', '04876-786', 'Brasilien', '(11) 555-9482', ''),
('GREAL', 'Great Lakes Component Market', 'Howard Snyder', 'Marketingmanager', '2732 Baker Blvd.', 'Eugene', 'OR', '97403', 'USA', '(503) 555-7555', ''),
('GROSR', 'GROSELLA-Studios', 'Manuel Pereira', 'Inhaber', '5ª Ave. Los Palos Grandes', 'Caracas', 'DF', '1081', 'Venezuela', '(2) 283-2951', '(2) 283-3397'),
('HANAR', 'Bookkeepers', 'Mario Pontes', 'Buchhalter', 'Rua do Paço, 67', 'Rio de Janeiro', 'RJ', '05454-876', 'Brasilien', '(21) 555-0091', '(21) 555-8765'),
('HILAA', 'HILARIÓN-Abastos', 'Carlos Hernández', 'Vertriebsmitarbeiter', 'Carrera 22 con Ave. Carlos Soublette #8-35', 'San Cristóbal', 'Táchira', '5022', 'Venezuela', '(5) 555-1340', '(5) 555-1948'),
('HUNGC', 'Angry Coyote Import Store', 'Yoshi Latimer', 'Vertriebsmitarbeiter', 'City Center Plaza\r\n516 Main St.', 'Elgin', 'OR', '97827', 'USA', '(503) 555-6874', '(503) 555-2376'),
('HUNGO', 'Nicht Owl All-Night Service', 'Patricia McKenna', 'Vertriebsassistentin', '8 Johnstown Road', 'Cork', 'Co. Cork', '', 'Irland', '2967 542', '2967 3333'),
('ISLAT', 'Island Trading', 'Helen Bennett', 'Marketingmanager', 'Garden House\r\nCrowther Way', 'Hedge End', 'Lancashire', 'LA9 PX8', 'Großbritannien', '(24) 555-8888', ''),
('KOENE', 'IT-Beratung', 'Philip Cramer', 'Vertriebsassistent', 'Maubelstr. 90', 'Brandenburg', '', '14776', 'Deutschland', '0555-09876', ''),
('LACOR', 'La corne d''abondance', 'Daniel Tonini', 'Vertriebsmitarbeiter', '67, avenue de l''Europe', 'Versailles', '', '78000', 'Frankreich', '30.59.84.10', '30.59.85.11'),
('LAMAI', 'La maison d''Asie', 'Annette Roulet', 'Vertriebsmanager', '1 rue Alsace-Lorraine', 'Toulouse', '', '31000', 'Frankreich', '61.77.61.10', '61.77.61.11'),
('LAUGB', 'Consulting LA', 'Yoshi Tannamuri', 'Marketingassistent', '1900 Oak St.', 'Vancouver', 'BC', 'V3F 2K1', 'Kanada', '(604) 555-3392', '(604) 555-7293'),
('LAZYK', 'Lazy K Kountry Store', 'John Steel', 'Marketingmanager', '12 Orchestra Terrace', 'Walla Walla', 'WA', '99362', 'USA', '(509) 555-7969', '(509) 555-6221'),
('LEHMS', 'Lehmanns Büro', 'Renate Messner', 'Vertriebsmitarbeiterin', 'Magazinweg 7', 'Frankfurt a.M. ', '', '60528', 'Deutschland', '069-0245984', '069-0245874'),
('LETSS', 'Let''s Stop N Shop', 'Jaime Yorres', 'Inhaber', '87 Polk St.\r\nSuite 5', 'San Francisco', 'CA', '94117', 'USA', '(415) 555-5938', ''),
('LILAS', 'LILA-Supermercado', 'Carlos González', 'Buchhalter', 'Carrera 52 con Ave. Bolívar #65-98 Llano Largo', 'Barquisimeto', 'Lara', '3508', 'Venezuela', '(9) 331-6954', '(9) 331-7256'),
('LINOD', 'LINO-Technic', 'Felipe Izquierdo', 'Inhaber', 'Ave. 5 de Mayo Porlamar', 'I. de Margarita', 'Nueva Esparta', '4980', 'Venezuela', '(8) 34-56-12', '(8) 34-93-93'),
('LONEP', 'Lonesome digital Rider', 'Fran Wilson', 'Vertriebsmanager', '89 Chiaroscuro Rd.', 'Portland', 'OR', '97219', 'USA', '(503) 555-9573', '(503) 555-9646'),
('MAGAA', 'Magazzini Alimentari Riuniti', 'Giovanni Rovelli', 'Marketingmanager', 'Via Ludovico il Moro 22', 'Bergamo', '', '24100', 'Italien', '035-640230', '035-640231'),
('MAISD', 'Maison Dewey', 'Catherine Dewey', 'Vertriebsagent', 'Rue Joseph-Bens 532', 'Bruxelles', '', 'B-1180', 'Belgien', '(02) 201 24 67', '(02) 201 24 68'),
('MEREP', 'Mère Paillarde', 'Jean Fresnière', 'Marketingassistent', '43 rue St. Laurent', 'Montréal', 'Québec', 'H1J 1C3', 'Kanada', '(514) 555-8054', '(514) 555-8055'),
('MORGK', 'Morgenstern Anwaltskanzlei', 'Alexander Feuer', 'Marketingassistent', 'Heerstr. 22', 'Leipzig', '', '04179', 'Deutschland', '0342-023176', ''),
('NORTS', 'North/South', 'Simon Crowther', 'Vertriebsassistent', 'South House\r\n300 Queensbridge', 'London', '', 'SW7 1RZ', 'Großbritannien', '(71) 555-7733', '(71) 555-2530'),
('OCEAN', 'Océano Atlántico Ltda.', 'Yvonne Moncada', 'Vertriebsagentin', 'Ing. Gustavo Moncada 8585\r\nPiso 20-A', 'Buenos Aires', '', '1010', 'Argentinien', '(1) 135-5333', '(1) 135-5535'),
('OLDWO', 'Old World Support', 'Rene Phillips', 'Vertriebsmitarbeiter', '2743 Bering St.', 'Anchorage', 'AK', '99508', 'USA', '(907) 555-7584', '(907) 555-2880'),
('OTTIK', 'Ottilies Netzwerke', 'Henriette Pfalzheim', 'Inhaberin', 'Mehrheimerstr. 369', 'Köln', '', '50739', 'Deutschland', '0221-0644327', '0221-0765721'),
('PARIS', 'Paris digital', 'Marie Bertrand', 'Inhaberin', '265, boulevard Charonne', 'Paris', '', '75012', 'Frankreich', '(1) 42.34.22.66', '(1) 42.34.22.77'),
('PERIC', 'Pericles Comidas clásicas', 'Guillermo Fernández', 'Vertriebsmitarbeiter', 'Calle Dr. Jorge Cash 321', 'México D.F.', '', '05033', 'Mexiko', '(5) 552-3745', '(5) 545-3745'),
('PICCO', 'Beratung und mehr', 'Georg Pipps', 'Vertriebsmanager', 'Geislweg 14', 'Salzburg', '', '5020', 'Österreich', '6562-9722', '6562-9723'),
('PRINI', 'Princesa Isabel Vinhos', 'Isabel de Castro', 'Vertriebsmitarbeiterin', 'Estrada da saúde n. 58', 'Lisboa', '', '1756', 'Portugal', '(1) 356-5634', ''),
('QUEDE', 'Que Delícia', 'Bernardo Batista', 'Buchhalter', 'Rua da Panificadora, 12', 'Rio de Janeiro', 'RJ', '02389-673', 'Brasilien', '(21) 555-4252', '(21) 555-4545'),
('QUEEN', 'Queen storage', 'Lúcia Carvalho', 'Marketingassistentin', 'Alameda dos Canàrios, 891', 'São Paulo', 'SP', '05487-020', 'Brasilien', '(11) 555-1189', ''),
('QUICK', 'QUICK-Stop', 'Horst Kloss', 'Buchhalter', 'Taucherstraße 10', 'Cunewalde', '', '01307', 'Deutschland', '0372-035188', ''),
('RANCH', 'Technico grande', 'Sergio Gutiérrez', 'Vertriebsmitarbeiter', 'Av. del Libertador 900', 'Buenos Aires', '', '1010', 'Argentinien', '(1) 123-5555', '(1) 123-5556'),
('RATTC', 'Rattlesnake Canyon consulting', 'Paula Wilson', 'Vertriebsassistentin', '2817 Milton Dr.', 'Albuquerque', 'NM', '87110', 'USA', '(505) 555-5939', '(505) 555-3620'),
('REGGC', 'Reggiani Caseifici', 'Maurizio Moroni', 'Vertriebsassistent', 'Strada Provinciale 124', 'Reggio Emilia', '', '42100', 'Italien', '0522-556721', '0522-556722'),
('RICAR', 'Ricardo Adocicados', 'Janete Limeira', 'Vertriebsagentassistentin', 'Av. Copacabana, 267', 'Rio de Janeiro', 'RJ', '02389-890', 'Brasilien', '(21) 555-3412', ''),
('RICSU', 'Richter Beratung', 'Michael Holz', 'Vertriebsmanager', 'Grenzacherweg 237', 'Genève', '', '1203', 'Schweiz', '0897-034214', ''),
('ROMEY', 'Romero y tomillo', 'Alejandra Camino', 'Buchhalterin', 'Gran Vía, 1', 'Madrid', '', '28001', 'Spanien', '(91) 745 6200', '(91) 745 6210'),
('SANTG', 'Santé Solution', 'Jonas Bergulfsen', 'Inhaber', 'Erling Skakkes gate 78', 'Stavern', '', '4110', 'Norwegen', '07-98 92 35', '07-98 92 47'),
('SAVEA', 'Save-a-lot Markets', 'Jose Pavarotti', 'Vertriebsmitarbeiter', '187 Suffolk Ln.', 'Boise', 'ID', '83720', 'USA', '(208) 555-8097', ''),
('SEVES', 'Seven Seas Imports', 'Hari Kumar', 'Vertriebsmanager', '90 Wadhurst Rd.', 'London', '', 'OX15 4NB', 'Großbritannien', '(71) 555-1717', '(71) 555-5646'),
('SIMOB', 'Simons bistro', 'Jytte Petersen', 'Inhaberin', 'Vinbæltet 34', 'København', '', '1734', 'Dänemark', '31 12 34 56', '31 13 35 57'),
('SPECD', 'Spécialités du monde', 'Dominique Perrier', 'Marketingmanager', '25, rue Lauriston', 'Paris', '', '75016', 'Frankreich', '(1) 47.55.60.10', '(1) 47.55.60.20'),
('SPLIR', 'Split Rail Beer & Ale', 'Art Braunschweiger', 'Vertriebsmanager', 'P.O. Box 555', 'Lander', 'WY', '82520', 'USA', '(307) 555-4680', '(307) 555-6525'),
('SUPRD', 'Suprêmes Consulting', 'Pascale Cartrain', 'Buchhalterin', 'Boulevard Tirou, 255', 'Charleroi', '', 'B-6000', 'Belgien', '(071) 23 67 22 20', '(071) 23 67 22 21'),
('THEBI', 'The Big Apple', 'Liz Nixon', 'Marketingmanager', '89 Jefferson Way\r\nSuite 2', 'Portland', 'OR', '97201', 'USA', '(503) 555-3612', ''),
('THECR', 'The Cracker Box', 'Liu Wong', 'Marketingassistent', '55 Grizzly Peak Rd.', 'Butte', 'MT', '59801', 'USA', '(406) 555-5834', '(406) 555-8083'),
('TOMSP', 'Toms Computerbude', 'Karin Josephs', 'Marketingmanager', 'Luisenstr. 48', 'Münster', '', '44087', 'Deutschland', '0251-031259', '0251-035695'),
('TORTU', 'Tortuga network', 'Miguel Angel Paolino', 'Inhaber', 'Avda. Azteca 123', 'México D.F.', '', '05033', 'Mexiko', '(5) 555-2933', ''),
('TRADH', 'Tradição digitale', 'Anabela Domingues', 'Vertriebsmitarbeiterin', 'Av. Inês de Castro, 414', 'São Paulo', 'SP', '05634-030', 'Brasilien', '(11) 555-2167', '(11) 555-2168'),
('TRAIH', 'Trail''s Head Technicians', 'Helvetius Nagy', 'Vertriebsassistent', '722 DaVinci Blvd.', 'Kirkland', 'WA', '98034', 'USA', '(206) 555-8257', '(206) 555-2174'),
('VAFFE', 'Vaffeljernet', 'Palle Ibsen', 'Vertriebsmanager', 'Smagsløget 45', 'Århus', '', '8200', 'Dänemark', '86 21 32 43', '86 22 33 44'),
('VICTE', 'Victuailles en stock', 'Mary Saveley', 'Vertriebsagent', '2, rue du Commerce', 'Lyon', '', '69004', 'Frankreich', '78.32.54.86', '78.32.54.87'),
('VINET', 'Vins et alcools Chevalier', 'Paul Henriot', 'Buchhalter', '59 rue de l''Abbaye', 'Reims', '', '51100', 'Frankreich', '26.47.15.10', '26.47.15.11'),
('WANDK', 'Die IT Spezialisten', 'Rita Müller', 'Vertriebsmitarbeiterin', 'Adenauerallee 900', 'Stuttgart', '', '70563', 'Deutschland', '0711-020361', '0711-035428'),
('WARTH', 'Wartian Herkku', 'Pirkko Koskitalo', 'Buchhalterin', 'Torikatu 38', 'Oulu', '', '90110', 'Finnland', '981-443655', '981-443655'),
('WELLI', 'Wellington Importadora', 'Paula Parente', 'Vertriebsmanager', 'Rua do Mercado, 12', 'Resende', 'SP', '08737-363', 'Brasilien', '(14) 555-8122', ''),
('WHITC', 'White Clover Markets', 'Karl Jablonski', 'Inhaber', '305 - 14th Ave. S.\r\nSuite 3B', 'Seattle', 'WA', '98128', 'USA', '(206) 555-4112', '(206) 555-4115'),
('WILMK', 'Wilman Kala', 'Matti Karttunen', 'Inhaber/Marketingassistent', 'Keskuskatu 45', 'Helsinki', '', '21240', 'Finnland', '90-224 8858', '90-224 8858'),
('WOLZA', 'Wolski  Zajazd', 'Zbyszek Piestrzeniewicz', 'Inhaber', 'ul. Filtrowa 68', 'Warszawa', '', '01-012', 'Polen', '(26) 642-7012', '(26) 642-7012');

-- --------------------------------------------------------

--
-- Tabellenstruktur für Tabelle `lieferant`
--

CREATE TABLE `lieferant` (
  `LieferantenNr` int(2) NOT NULL,
  `Firma` varchar(38) DEFAULT NULL,
  `Kontaktperson` varchar(27) DEFAULT NULL,
  `Position` varchar(30) DEFAULT NULL,
  `Strasse` varchar(46) DEFAULT NULL,
  `Ort` varchar(13) DEFAULT NULL,
  `Region` varchar(8) DEFAULT NULL,
  `PLZ` varchar(8) DEFAULT NULL,
  `Land` varchar(14) DEFAULT NULL,
  `Telefon` varchar(15) DEFAULT NULL,
  `Telefax` varchar(15) DEFAULT NULL,
  `Homepage` varchar(10) DEFAULT NULL
) ENGINE=InnoDB DEFAULT CHARSET=utf8;

--
-- Daten für Tabelle `lieferant`
--

INSERT INTO `lieferant` (`LieferantenNr`, `Firma`, `Kontaktperson`, `Position`, `Strasse`, `Ort`, `Region`, `PLZ`, `Land`, `Telefon`, `Telefax`, `Homepage`) VALUES
(1, 'Storage Devices', 'Charlotte Cooper', 'Einkaufsmanager', '49 Gilbert St.', 'London', '', 'EC1 4SD', 'Großbritannien', '(71) 555-2222', '', ''),
(2, 'New Orleans IT Support', 'Shelley Burke', 'Bestellungen-Sachbearbeiterin', 'P.O. Box 78934', 'New Orleans', 'LA', '70117', 'USA', '(100) 555-4822', '', ''),
(3, 'TechnoSystems', 'Regina Murphy', 'Vertriebsmitarbeiterin', '707 Oxford Rd.', 'Ann Arbor', 'MI', '48104', 'USA', '(313) 555-5735', '(313) 555-3349', ''),
(4, 'Tokyo Traders', 'Yoshi Nagase', 'Marketingmanager', '9-8 Sekimai\r\nMusashino-shi', 'Tokyo', '', '100', 'Japan', '(03) 3555-5011', '', ''),
(5, 'Systema Espana', 'Antonio del Valle Saavedra ', 'Exportadministrator', 'Calle del Rosal 4', 'Oviedo', 'Asturias', '33007', 'Spanien', '(98) 598 76 54', '', ''),
(6, 'Mayumi Computer', 'Mayumi Ohno', 'Marketingrepräsentant', '92 Setsuko\r\nChuo-ku', 'Osaka', '', '545', 'Japan', '(06) 431-7877', '', ''),
(7, 'Pavlova, Ltd.', 'Ian Devling', 'Marketingmanager', '74 Rose St.\r\nMoonie Ponds', 'Melbourne', 'Victoria', '3058', 'Australien', '(03) 444-2343', '(03) 444-6588', ''),
(8, 'Specialty Components, Ltd.', 'Peter Wilson', 'Vertriebsmitarbeiter', '29 King''s Way', 'Manchester', '', 'M14 GSD', 'Großbritannien', '(26) 555-4448', '', ''),
(9, 'PB Notebooks AB', 'Lars Peterson', 'Vertriebsagent', 'Kaloadagatan 13', 'Göteborg', '', 'S-345 67', 'Schweden', '031-987 65 43', '031-987 65 91', ''),
(10, 'Components Americanas LTDA', 'Carlos Diaz', 'Marketingmanager', 'Av. das Americanas 12.890', 'São Paulo', '', '5442', 'Brasilien', '(11) 555 4640', '', ''),
(11, 'Systemhaus Heil GmbH & Co. KG', 'Petra Winkler', 'Vertriebsmanager', 'Tiergartenstraße 5', 'Berlin', '', '10785', 'Deutschland', '(010) 9984510', '', ''),
(12, 'Plutzer Speichersysteme AG', 'Martin Bein', 'Marketingmanager International', 'Bogenallee 51', 'Frankfurt', '', '60439', 'Deutschland', '(069) 992755', '', ''),
(13, 'IT-Komponenten Handelsgesellschaft mbH', 'Sven Petersen', 'Koordinator Auslandsmärkte', 'Frahmredder 112a', 'Cuxhaven', '', '27478', 'Deutschland', '(04721) 8713', '(04721) 8714', ''),
(14, 'IT Fortini s.r.l.', 'Elio Rossi', 'Vertriebsmitarbeiter', 'Viale Dante, 75', 'Ravenna', '', '48100', 'Italien', '(0544) 60323', '(0544) 60603', ''),
(15, 'Norske Meierier', 'Beate Vileid', 'Marketingmanager', 'Hatlevegen 5', 'Sandvika', '', '1320', 'Norwegen', '(0)2-953010', '', ''),
(16, 'Bigfoot Storage System', 'Cheryl Saylor', 'Regionalvertreterin', '3400 - 8th Avenue\r\nSuite 210', 'Bend', 'OR', '97101', 'USA', '(503) 555-9931', '', ''),
(17, 'Svensk Keyboards AB', 'Michael Björn', 'Vertriebsmitarbeiter', 'Brovallavägen 231', 'Stockholm', '', 'S-123 45', 'Schweden', '08-123 45 67', '', ''),
(18, 'Aux en Brasse', 'Guylène Nodier', 'Vertriebsmanager', '203, Rue des Francs-Bourgeois', 'Paris', '', '75004', 'Frankreich', '(1) 03.83.00.68', '(1) 03.83.00.62', ''),
(19, 'New England Mouse Devices', 'Robb Merchant', 'Großhandelsvertreter', 'Order Processing Dept.\r\n2100 Paul Revere Blvd.', 'Boston', 'MA', '02134', 'USA', '(617) 555-3267', '(617) 555-3389', ''),
(20, 'Leka Trading', 'Chandra Leka', 'Inhaberin', '471 Serangoon Loop, Suite #402', 'Singapore', '', '0512', 'Singapur', '555-8787', '', ''),
(21, 'Lyngbysild', 'Niels Petersen', 'Vertriebsmanager', 'Lyngbysild\r\nFiskebakken 10', 'Lyngby', '', '2800', 'Dänemark', '43844108', '43844115', ''),
(22, 'Zaanse IT-fabriek', 'Dirk Luchte', 'Buchhaltung-Sachbearbeiter', 'Verkoop\r\nRijnweg 22', 'Zaandam', '', '9999 ZZ', 'Niederlande', '(12345) 1212', '(12345) 1210', ''),
(23, 'Karkki Oy Nokia', 'Anne Heikkonen', 'Produktmanager', 'Valtakatu 12', 'Lappeenranta', '', '53120', 'Finnland', '(953) 10956', '', ''),
(24, 'Custom Device ltd.', 'Wendy Mackenzie', 'Vertriebsmitarbeiterin', '170 Prince Edward Parade\r\nHunter''s Hill', 'Sydney', 'NSW', '2042', 'Australien', '(02) 555-5914', '(02) 555-4873', ''),
(25, 'Canadian Components', 'Jean-Guy Lauzon', 'Marketingmanager', '2960 Rue St. Laurent', 'Montréal', 'Québec', 'H1J 1C3', 'Kanada', '(514) 555-9022', '', ''),
(26, 'Systema Buttini s.r.l.', 'Giovanni Giudici', 'Bestellungen-Sachbearbeiter', 'Via dei Gelsomini, 153', 'Salerno', '', '84100', 'Italien', '(089) 6547665', '(089) 6547667', ''),
(27, 'Computer Nouveaux', 'Marie Delamare', 'Vertriebsmanager', '22, rue H. Voiron', 'Montceau', '', '71300', 'Frankreich', '85.57.00.07', '', ''),
(28, 'Annecy Systems', 'Eliane Noz', 'Vertriebsmitarbeiterin', 'Bat. B\r\n3, rue des Alpes', 'Annecy', '', '74000', 'Frankreich', '38.76.98.06', '38.76.98.58', ''),
(29, 'Winning Systems inc.', 'Chantal Goulet', 'Buchhaltung-Sachbearbeiterin', '148 rue Chasseur', 'Ste-Hyacinthe', 'Québec', 'J2S 7S8', 'Kanada', '(514) 555-2955', '(514) 555-2921', '');

-- --------------------------------------------------------

--
-- Tabellenstruktur für Tabelle `personal`
--

CREATE TABLE `personal` (
  `PersonalNr` int(3) NOT NULL,
  `Nachname` varchar(15) DEFAULT NULL,
  `Vorname` varchar(15) DEFAULT NULL,
  `Position` varchar(35) DEFAULT NULL,
  `Anrede` varchar(4) DEFAULT NULL,
  `Geburtsdatum` date DEFAULT NULL,
  `Einstellung` date DEFAULT NULL,
  `Strasse` varchar(20) DEFAULT NULL,
  `Ort` varchar(15) DEFAULT NULL,
  `PLZ` varchar(10) DEFAULT NULL,
  `Land` varchar(1) DEFAULT NULL,
  `Telefonprivat` varchar(10) DEFAULT NULL,
  `Durchwahl` int(4) DEFAULT NULL,
  `Bemerkungen` varchar(10) DEFAULT NULL,
  `Vorgesetzt` varchar(3) DEFAULT NULL,
  `Gehalt` decimal(8,2) DEFAULT NULL
) ENGINE=InnoDB DEFAULT CHARSET=utf8;

--
-- Daten für Tabelle `personal`
--

INSERT INTO `personal` (`PersonalNr`, `Nachname`, `Vorname`, `Position`, `Anrede`, `Geburtsdatum`, `Einstellung`, `Strasse`, `Ort`, `PLZ`, `Land`, `Telefonprivat`, `Durchwahl`, `Bemerkungen`, `Vorgesetzt`, `Gehalt`) VALUES
(1, 'Huber', 'Clara', 'Sekretariat', 'Frau', '1973-01-12', '2002-05-01', '', 'Darmstadt', '', 'D', '', 5467, '', '100', '2800.00'),
(2, 'Rosnick', 'Peter', 'Vertriebsmitarbeiter', 'Herr', '1966-03-21', '2002-08-14', '', 'Griesheim', '', 'D', '', 3457, '', '8', '3920.00'),
(3, 'Weber', 'Rolf', 'Vertriebsmitarbeiter', 'Herr', '1991-05-14', '2011-04-01', '', 'Darmstadt', '', 'D', '', 3355, '', '8', '3584.00'),
(4, 'Schaller', 'Werner', 'Lagerleiterin', 'Frau', '1978-04-07', '2010-05-03', '', 'Darmstadt', '', 'D', '', 5176, '', '100', '3752.00'),
(5, 'Kowalski', 'Pawel', 'PC Konfiguration', 'Herr', '1985-06-19', '2024-10-17', '', 'Wiesbaden', '', 'D', '', 3453, '', '103', '3472.00'),
(6, 'Yamamoto', 'Hashiro', 'Netzwerke Leiter', 'Herr', '1994-11-30', '2013-10-17', '', 'Darmstadt', '', 'D', '', 428, '', '100', '4233.60'),
(7, 'Schmidt', 'Robert', 'Netzwerke', 'Herr', '1976-02-23', '2014-01-02', '', 'Darmstadt', '55116', 'D', '', 465, '', '6', '3248.00'),
(8, 'Can', 'Ayse', 'Vertriebskoordinatorin', 'Frau', '1988-09-17', '2019-03-05', '', 'Mainz', '', 'D', '', 2344, '', '100', '4452.00'),
(9, 'Benetzki', 'Anne', 'Vertriebsmitarbeiterin', 'Frau', '1995-03-01', '2023-11-15', '', 'Groß-Gerau', '', 'D', '', 452, '', '8', '3690.40'),
(11, 'Mayer', 'Charlotte', 'Leiterin Controlling', 'Frau', '1991-07-02', '2015-02-05', 'Obergasse', 'Groß-Gerau', '64521', 'D', '', 434, '', '100', '4536.00'),
(12, 'Mayer', 'Carl', 'Vertriebsmanager', 'Herr', '1978-09-10', '2004-09-01', '', 'Rüsselsheim', '60547', 'D', '', 455, '', '8', '4267.20'),
(13, 'Meier', 'Isabell', 'Sekretariat', 'Frau', '1993-11-12', '2018-08-01', 'Rheinstraße', 'Darmstadt', '64267', 'D', '', 5466, '', '104', '3012.80'),
(14, 'Maier', 'Michelle', 'Marketing', 'Frau', '1991-11-12', '2015-05-15', 'Am Bölle', 'Darmstadt', '64244', 'D', '', 5467, '', '102', '3123.68'),
(17, 'Meyer', 'Carl', 'Marketing', 'Herr', '1996-09-23', '2013-11-02', 'Turmweg', 'Darmstadt', '64259', 'D', '', 5465, '', '102', '3628.80'),
(100, 'Kleinschreiber', 'Jens', 'Geschäftsführer', 'Herr', '1969-04-14', '2002-08-14', 'Rheinstr.', 'Darmstadt', '64295', 'D', NULL, 1, NULL, NULL, '11200.00'),
(101, 'Freier', 'Katrin', 'Vorstandsmitglied HR', 'Frau', '1988-02-24', '2015-05-01', 'Rosenweg', 'Weiterstadt', '64331', 'D', '', 2, '', '100', '7168.00'),
(102, 'Sajaid', 'Ediz', 'Vorstandsmitglied Finanzen', 'Frau', '1990-08-04', '2014-07-15', 'Tulpenweg', 'Frankfurt', '60310', 'D', '', 3, '', '100', '7291.20'),
(103, 'Bos', 'Per', 'Vorstandsmitglied Produktion', 'Herr', '1989-12-06', '2012-12-01', 'Kirschenallee', 'Wiesbaden', '65183', 'D', '', 4, '', '100', '7403.20'),
(104, 'Bender', 'Klaus', 'Geschäftsführer IT-Systems GmbH', 'Herr', '1979-10-10', '2001-11-15', 'Apfelblütenweg', 'Mainz', '55116', 'D', NULL, 11, NULL, '100', '8108.80'),
(105, 'Liebig', 'Petra', 'Geschäftsführerin Heiner Net KG', 'Frau', '1996-03-09', '2004-03-01', 'Nelkenweg', 'Frankfurt', '60310', 'D', '', 21, '', '100', '7733.60');

-- --------------------------------------------------------

--
-- Tabellenstruktur für Tabelle `spediteur`
--

CREATE TABLE `spediteur` (
  `SID` int(2) NOT NULL,
  `SpeditionName` varchar(50) DEFAULT NULL,
  `STelefon` varchar(25) DEFAULT NULL
) ENGINE=InnoDB DEFAULT CHARSET=utf8;

--
-- Daten für Tabelle `spediteur`
--

INSERT INTO `spediteur` (`SID`, `SpeditionName`, `STelefon`) VALUES
(1, 'DHL', '(503) 555-9831'),
(2, 'United Parcel Service', '(503) 555-3199'),
(3, 'DPD', '(503) 555-9931'),
(4, 'Logistik 4U GmbH', '(503) 555-8652'),
(5, 'Gorillas Technologies GmbH', '(503) 555-7025'),
(6, 'Rentagon GmbH', '(503) 555-6507'),
(7, 'Maximail GmbH & Co. KG', '(503) 555-9624');

--
-- Indizes der exportierten Tabellen
--

--
-- Indizes für die Tabelle `artikel`
--
ALTER TABLE `artikel`
  ADD PRIMARY KEY (`ArtikelNr`),
  ADD KEY `LieferantenNr` (`LieferantenNr`),
  ADD KEY `KategorieNr` (`KategorieNr`);

--
-- Indizes für die Tabelle `bestelldetails`
--
ALTER TABLE `bestelldetails`
  ADD PRIMARY KEY (`BestellNr`,`ArtikelNr`),
  ADD KEY `ArtikelNr` (`ArtikelNr`);

--
-- Indizes für die Tabelle `bestellung`
--
ALTER TABLE `bestellung`
  ADD PRIMARY KEY (`BestellNr`),
  ADD KEY `KundenCode` (`KundenCode`),
  ADD KEY `PersonalNr` (`PersonalNr`),
  ADD KEY `VersandUeber` (`VersandUeber`);

--
-- Indizes für die Tabelle `kategorie`
--
ALTER TABLE `kategorie`
  ADD PRIMARY KEY (`KategorieNr`);

--
-- Indizes für die Tabelle `kunde`
--
ALTER TABLE `kunde`
  ADD PRIMARY KEY (`KundenCode`);

--
-- Indizes für die Tabelle `lieferant`
--
ALTER TABLE `lieferant`
  ADD PRIMARY KEY (`LieferantenNr`);

--
-- Indizes für die Tabelle `personal`
--
ALTER TABLE `personal`
  ADD PRIMARY KEY (`PersonalNr`);

--
-- Indizes für die Tabelle `spediteur`
--
ALTER TABLE `spediteur`
  ADD PRIMARY KEY (`SID`);

--
-- AUTO_INCREMENT für exportierte Tabellen
--

--
-- AUTO_INCREMENT für Tabelle `artikel`
--
ALTER TABLE `artikel`
  MODIFY `ArtikelNr` int(2) NOT NULL AUTO_INCREMENT, AUTO_INCREMENT=81;
--
-- AUTO_INCREMENT für Tabelle `bestellung`
--
ALTER TABLE `bestellung`
  MODIFY `BestellNr` int(5) NOT NULL AUTO_INCREMENT, AUTO_INCREMENT=11078;
--
-- AUTO_INCREMENT für Tabelle `kategorie`
--
ALTER TABLE `kategorie`
  MODIFY `KategorieNr` int(3) NOT NULL AUTO_INCREMENT, AUTO_INCREMENT=11;
--
-- AUTO_INCREMENT für Tabelle `lieferant`
--
ALTER TABLE `lieferant`
  MODIFY `LieferantenNr` int(2) NOT NULL AUTO_INCREMENT, AUTO_INCREMENT=30;
--
-- AUTO_INCREMENT für Tabelle `personal`
--
ALTER TABLE `personal`
  MODIFY `PersonalNr` int(3) NOT NULL AUTO_INCREMENT, AUTO_INCREMENT=106;
--
-- AUTO_INCREMENT für Tabelle `spediteur`
--
ALTER TABLE `spediteur`
  MODIFY `SID` int(2) NOT NULL AUTO_INCREMENT, AUTO_INCREMENT=8;
--
-- Constraints der exportierten Tabellen
--

--
-- Constraints der Tabelle `artikel`
--
ALTER TABLE `artikel`
  ADD CONSTRAINT `artikel_ibfk_1` FOREIGN KEY (`LieferantenNr`) REFERENCES `lieferant` (`LieferantenNr`),
  ADD CONSTRAINT `artikel_ibfk_2` FOREIGN KEY (`KategorieNr`) REFERENCES `kategorie` (`KategorieNr`);

--
-- Constraints der Tabelle `bestelldetails`
--
ALTER TABLE `bestelldetails`
  ADD CONSTRAINT `bestelldetails_ibfk_1` FOREIGN KEY (`ArtikelNr`) REFERENCES `artikel` (`ArtikelNr`),
  ADD CONSTRAINT `bestelldetails_ibfk_2` FOREIGN KEY (`BestellNr`) REFERENCES `bestellung` (`BestellNr`);

--
-- Constraints der Tabelle `bestellung`
--
ALTER TABLE `bestellung`
  ADD CONSTRAINT `bestellung_ibfk_1` FOREIGN KEY (`KundenCode`) REFERENCES `kunde` (`KundenCode`),
  ADD CONSTRAINT `bestellung_ibfk_2` FOREIGN KEY (`PersonalNr`) REFERENCES `personal` (`PersonalNr`),
  ADD CONSTRAINT `bestellung_ibfk_3` FOREIGN KEY (`VersandUeber`) REFERENCES `spediteur` (`SID`);

/*!40101 SET CHARACTER_SET_CLIENT=@OLD_CHARACTER_SET_CLIENT */;
/*!40101 SET CHARACTER_SET_RESULTS=@OLD_CHARACTER_SET_RESULTS */;
/*!40101 SET COLLATION_CONNECTION=@OLD_COLLATION_CONNECTION */;
